,Curricular units 2nd sem (approved),Curricular units 2nd sem (grade),Curricular units 2nd sem (enrolled),Tuition fees up to date,Scholarship holder
0,0,0.0,0,1,0
1,6,13.666666666666666,6,0,0
2,0,0.0,6,0,0
3,5,12.4,6,1,0
4,6,13.0,6,1,0
6,8,14.345,8,1,1
7,0,0.0,5,0,0
8,6,14.142857142857142,6,1,1
9,2,13.5,6,0,0
10,5,14.2,6,1,0
11,7,13.214285714285714,8,1,1
12,0,0.0,6,1,0
13,5,11.0,6,1,1
14,5,12.0,5,1,1
15,0,0.0,6,1,0
16,2,11.0,6,1,0
17,8,14.545,8,1,0
18,4,12.25,5,1,0
19,6,13.5,7,1,0
20,0,0.0,0,1,1
21,8,11.425,8,1,0
22,7,12.857142857142858,8,1,0
23,6,12.285714285714286,6,1,1
24,7,14.114285714285714,8,1,0
25,4,11.0,6,1,1
26,6,13.285714285714286,6,1,0
27,4,13.0,5,1,0
28,5,12.333333333333334,5,1,0
29,6,13.716666666666669,7,1,0
30,5,10.571428571428571,6,1,0
32,2,13.5,5,0,0
33,6,14.375,6,1,0
34,5,13.428571428571429,5,1,0
35,1,10.0,7,0,0
36,0,0.0,5,1,0
37,2,12.0,5,1,0
38,5,11.6,5,1,0
39,3,12.0,6,0,0
40,0,0.0,5,1,0
41,5,15.8,5,1,0
42,7,14.342857142857142,8,1,0
43,5,13.8,6,0,0
44,0,0.0,5,1,0
45,3,14.333333333333334,5,1,0
46,5,13.2,6,1,0
47,7,13.771428571428572,8,1,1
48,6,13.285714285714286,6,1,1
49,6,12.833333333333334,6,1,1
50,6,14.166666666666666,6,1,1
51,6,11.833333333333334,8,1,1
52,3,11.0,6,1,1
53,5,15.8,5,1,0
54,5,11.0,5,1,0
55,8,13.595,8,1,0
56,0,0.0,6,1,0
57,10,12.9,11,1,0
58,8,14.935,8,1,0
59,0,0.0,0,1,0
60,7,12.221428571428572,8,1,0
61,6,12.0,6,1,1
62,0,0.0,0,1,1
63,1,10.0,6,1,0
64,0,0.0,6,1,0
65,5,11.0,8,1,0
66,0,0.0,0,1,1
67,6,12.428571428571429,6,1,0
68,4,10.75,5,1,0
69,5,10.8,6,1,0
70,0,0.0,5,1,0
71,8,13.75,8,1,0
72,0,0.0,0,1,0
73,1,12.0,6,1,0
74,3,12.333333333333334,6,1,0
75,3,10.857142857142858,5,1,0
76,1,11.0,6,1,1
77,6,13.333333333333334,6,1,1
78,8,15.055555555555555,8,1,1
79,6,11.666666666666666,6,1,0
80,5,12.2,6,1,0
81,0,0.0,5,1,0
82,10,13.3,12,1,0
83,3,11.333333333333334,5,1,0
84,5,11.0,6,1,0
85,7,13.08,8,1,1
86,5,11.6,5,1,1
87,5,11.2,6,1,0
88,5,13.8,5,1,0
89,0,0.0,5,1,0
90,0,0.0,7,1,0
91,6,13.5,6,0,0
92,0,0.0,6,1,0
93,0,0.0,6,1,0
94,6,12.333333333333334,6,1,0
95,3,13.25,5,1,0
96,6,13.333333333333334,6,1,0
97,8,14.47777777777778,8,1,1
98,5,13.8,5,1,0
99,0,0.0,7,0,0
100,5,13.4,9,1,0
101,0,0.0,0,1,0
102,0,0.0,6,1,0
103,13,14.23076923076923,13,1,0
104,0,0.0,6,1,0
105,11,12.272727272727272,11,1,0
106,0,0.0,6,1,0
107,4,13.25,6,1,0
108,5,12.3,7,1,0
109,3,13.0,7,1,0
110,6,15.0,6,1,0
111,3,11.0,5,1,1
112,5,12.8,5,1,0
113,6,12.571428571428571,6,1,0
114,6,12.516666666666666,7,1,0
115,7,13.0,7,1,0
116,4,10.75,6,1,1
117,3,10.666666666666666,5,1,0
118,5,11.4,5,1,0
119,5,14.0,5,1,0
120,2,11.0,6,1,0
121,4,11.25,5,1,0
122,0,0.0,0,1,0
123,5,14.2,5,1,1
124,6,12.2,6,1,0
126,5,13.77777777777778,6,1,0
127,5,13.4,6,1,1
128,6,13.666666666666666,6,1,0
129,8,15.011111111111113,8,1,0
130,7,13.742857142857144,8,1,1
131,6,13.0,6,1,0
132,5,14.6,5,1,0
133,0,0.0,7,1,0
134,7,11.714285714285714,7,1,0
135,4,12.5,6,0,1
136,4,11.5,5,1,0
137,6,14.833333333333334,6,1,1
138,7,12.892857142857142,8,1,1
139,8,17.5875,8,1,0
140,6,12.666666666666666,7,1,0
141,5,12.0,6,1,1
142,0,0.0,5,0,0
143,6,11.5,6,1,1
144,8,12.33125,8,1,1
145,5,10.8,6,1,1
146,0,0.0,5,1,0
147,3,11.666666666666666,6,1,0
148,5,14.166666666666666,5,1,0
149,7,14.178571428571429,8,1,1
150,0,0.0,0,1,0
151,5,13.4,5,1,0
152,5,10.833333333333334,6,1,0
153,5,11.8,6,1,0
154,3,10.0,6,1,0
155,4,11.5,6,1,0
156,5,11.8,5,1,1
157,6,11.857142857142858,6,1,1
158,6,11.833333333333334,6,1,0
159,5,12.6,6,1,1
160,6,13.0,6,1,0
161,7,12.761111111111113,8,1,1
162,8,15.355,8,1,0
163,3,11.0,6,1,0
164,5,14.2,5,1,0
165,6,13.0,6,1,1
166,0,0.0,6,1,0
167,4,11.0,6,1,0
168,7,14.257142857142856,8,1,0
169,2,11.333333333333334,6,1,0
170,4,10.5,5,1,0
171,8,13.5625,8,1,0
172,6,11.683333333333332,7,1,0
173,5,12.0,6,1,0
174,6,13.166666666666666,6,0,0
175,4,13.5,5,1,1
176,5,12.0,6,1,0
177,4,11.95,7,1,0
178,5,10.4,6,1,0
179,6,14.583333333333334,8,1,0
180,19,12.789473684210526,19,1,0
181,6,13.166666666666666,6,1,1
182,0,0.0,6,0,0
183,0,0.0,6,0,0
184,0,0.0,6,1,0
185,3,10.571428571428571,5,0,0
186,4,10.0,6,0,0
187,6,13.05,7,1,1
188,0,0.0,6,1,0
189,6,12.0,6,1,0
190,6,12.5,6,1,1
191,1,10.0,5,1,0
192,0,0.0,5,1,0
193,0,0.0,6,1,0
194,7,12.242857142857144,8,1,0
195,0,0.0,5,1,0
196,8,12.93375,8,1,0
197,0,0.0,5,1,0
198,7,14.428571428571429,7,1,0
200,4,14.333333333333334,5,1,0
201,6,11.333333333333334,6,1,0
202,7,12.324285714285711,8,1,0
203,6,11.714285714285714,6,1,0
204,4,11.25,6,1,1
205,4,10.75,6,1,0
206,7,12.914285714285713,8,1,0
207,6,14.166666666666666,6,1,1
208,5,13.4,6,1,0
209,5,12.8,6,1,1
210,7,12.642857142857142,8,1,1
211,6,12.916666666666666,7,1,1
212,6,15.857142857142858,6,1,1
213,0,0.0,5,1,1
214,6,12.0,6,1,0
215,8,13.3125,8,1,0
216,5,11.6,5,1,1
217,0,0.0,6,1,0
218,0,0.0,6,1,1
219,2,13.5,5,1,0
220,3,12.333333333333334,5,1,1
221,6,14.5,6,1,1
222,2,12.5,6,1,0
223,7,12.19285714285714,8,1,1
224,7,14.9125,8,1,1
225,5,15.8,5,1,0
226,5,13.8,5,1,0
227,6,12.857142857142858,6,1,1
228,0,0.0,5,1,0
229,7,11.571428571428571,8,1,1
230,3,12.666666666666666,6,1,0
231,0,0.0,6,1,0
232,5,13.2,5,1,0
233,5,12.0,6,1,1
234,1,15.0,5,1,0
235,6,13.0,6,1,1
236,6,13.166666666666666,6,1,1
237,6,11.571428571428571,6,1,1
238,4,14.25,5,0,0
239,3,10.333333333333334,6,0,0
240,7,11.4625,7,1,0
241,9,13.555555555555555,13,1,0
242,5,13.6,5,1,1
243,0,0.0,5,0,0
245,8,13.22,8,1,0
246,7,13.151428571428571,8,1,1
247,3,11.333333333333334,6,0,0
248,4,12.25,6,1,0
249,5,14.142857142857142,6,1,1
250,5,12.4,6,1,0
251,6,12.833333333333334,6,1,1
252,5,13.0,5,1,0
253,0,0.0,6,1,0
254,5,10.8,5,1,0
255,0,0.0,7,0,1
256,5,12.333333333333334,5,1,0
257,6,12.5,6,1,0
258,5,12.666666666666666,6,1,1
259,2,13.0,7,0,0
260,5,10.6,6,1,1
261,0,0.0,6,1,0
262,6,12.166666666666666,12,0,0
263,6,14.0,6,1,0
264,6,12.0,6,1,0
265,3,11.666666666666666,6,1,0
266,7,14.828571428571427,8,1,0
267,5,12.8,6,1,1
268,6,12.5,6,1,1
269,7,13.671428571428573,8,1,1
270,5,12.8,6,1,1
271,1,13.0,5,0,0
272,5,12.333333333333334,5,1,0
273,8,13.55,8,1,0
274,6,15.428571428571429,6,1,0
275,8,15.3875,8,1,0
276,3,10.666666666666666,6,1,0
278,8,13.775,8,1,1
279,7,13.812857142857142,8,1,1
280,4,11.4,5,1,1
281,6,14.166666666666666,6,1,1
282,5,13.8,5,1,0
283,6,12.833333333333334,6,1,1
284,6,11.857142857142858,6,1,0
285,6,13.833333333333334,6,1,0
286,6,12.333333333333334,6,1,0
287,4,11.5,6,1,0
288,6,11.5,6,1,1
289,8,13.385,8,1,0
290,6,14.5,6,1,0
291,6,13.833333333333334,6,1,1
292,5,13.0,6,1,0
293,6,11.666666666666666,6,1,1
294,2,11.333333333333334,6,1,1
295,7,14.725714285714288,8,1,1
296,6,13.666666666666666,6,1,1
297,6,12.333333333333334,6,1,0
298,8,13.1375,8,1,0
299,8,12.86,8,1,0
300,6,13.714285714285714,6,1,0
301,5,12.2,5,1,1
302,8,16.168888888888887,8,1,1
303,4,10.25,5,0,0
304,0,0.0,6,1,0
305,4,11.0,6,1,0
306,4,14.6,6,1,0
307,0,0.0,5,1,0
308,5,13.2,5,1,0
309,2,11.0,6,0,0
310,6,15.142857142857142,6,1,0
311,3,11.333333333333334,6,1,0
312,5,11.8,5,1,1
313,5,13.666666666666666,6,1,1
314,0,0.0,5,1,0
315,5,16.4,5,1,0
316,8,14.88181818181818,8,1,1
317,8,14.355555555555554,8,1,0
318,6,11.857142857142858,6,1,1
319,6,13.083333333333334,8,1,0
320,0,0.0,6,0,0
321,7,13.058571428571428,8,1,1
322,8,14.055555555555555,8,1,0
324,3,13.0,5,1,0
325,3,11.666666666666666,6,1,0
326,6,13.333333333333334,7,1,0
327,5,11.0,6,1,0
328,5,11.4,6,1,0
329,5,11.6,5,1,0
330,6,12.666666666666666,7,1,0
331,0,0.0,5,1,0
332,6,13.0,6,1,0
333,6,11.666666666666666,6,1,0
334,6,13.666666666666666,6,1,1
335,6,14.666666666666666,6,1,0
336,7,14.571428571428571,7,1,0
337,8,13.39125,8,1,1
338,6,12.428571428571429,6,1,0
339,4,12.5,5,1,0
340,3,12.0,5,1,0
341,0,0.0,0,1,0
342,6,12.857142857142858,6,1,0
343,6,13.1,6,1,0
344,2,12.0,5,1,0
345,6,12.5,6,1,0
346,9,12.307692307692308,13,1,0
347,5,11.666666666666666,5,1,0
348,6,13.833333333333334,6,1,0
349,4,11.25,6,1,0
350,4,11.5,6,1,0
351,6,13.333333333333334,6,1,1
352,0,0.0,0,0,0
353,6,14.2,7,1,1
354,0,0.0,6,0,0
355,6,16.428571428571427,6,1,0
356,7,13.44285714285714,8,1,0
357,0,0.0,5,1,0
358,0,0.0,6,1,1
359,0,0.0,6,1,0
360,6,11.833333333333334,6,1,0
361,2,10.0,6,1,0
362,4,11.0,5,1,0
363,7,13.714285714285714,9,1,1
364,5,13.98,7,1,0
365,6,15.75,6,1,1
366,6,14.033333333333331,7,1,1
367,5,11.2,5,1,0
368,6,13.666666666666666,7,1,1
369,7,13.414285714285716,8,1,0
370,7,13.571428571428571,7,1,0
371,4,10.833333333333334,5,1,1
372,6,14.428571428571429,6,1,1
373,5,12.857142857142858,5,1,0
374,0,0.0,6,1,0
375,10,12.8,11,1,0
376,0,0.0,5,0,0
377,8,15.287499999999998,8,1,1
379,2,13.5,6,1,0
380,6,10.978571428571428,8,1,1
381,8,13.75,8,1,0
382,3,10.333333333333334,6,1,0
383,6,13.166666666666666,6,1,1
384,8,11.11111111111111,9,1,0
385,6,11.166666666666666,6,1,0
386,6,12.333333333333334,6,1,0
387,10,12.0,11,1,0
388,5,12.4,6,1,0
389,6,14.166666666666666,6,1,1
390,1,11.0,6,1,0
391,5,12.14,8,1,0
392,5,11.4,6,0,0
393,2,12.333333333333334,5,0,0
394,6,14.0,6,1,0
395,7,12.86,8,1,1
396,11,12.0,11,1,0
397,3,12.0,6,1,1
398,4,13.714285714285714,6,1,0
399,0,0.0,5,1,0
400,4,11.2,6,1,1
401,3,10.333333333333334,6,1,0
402,3,11.0,6,1,0
403,4,12.75,6,1,0
404,7,14.731428571428571,8,1,0
405,0,0.0,0,1,0
406,12,14.25,12,1,0
407,5,14.8,5,1,0
408,6,14.571428571428571,6,1,0
409,0,0.0,5,1,0
410,7,14.654285714285717,8,1,1
411,7,12.401428571428571,8,1,0
412,7,14.071428571428571,8,1,0
413,5,15.6,5,1,0
414,6,11.833333333333334,6,1,1
415,5,15.4,5,1,0
416,6,12.375,6,1,0
417,3,11.0,6,1,0
418,6,11.6,7,1,1
419,0,0.0,8,1,0
420,8,13.094444444444443,8,1,1
421,5,14.8,5,1,0
422,0,0.0,6,1,0
423,8,13.25375,8,1,0
424,8,14.1,8,1,0
425,6,13.916666666666666,7,1,0
426,6,13.571428571428571,6,1,0
427,2,10.666666666666666,5,1,0
428,0,0.0,5,1,0
429,4,14.6,6,1,0
430,7,12.082857142857142,8,1,1
431,5,12.8,6,1,1
432,5,12.4,5,1,1
433,0,0.0,7,1,1
434,6,14.571428571428571,6,1,0
435,7,13.814285714285717,8,1,1
436,6,10.5,6,1,1
437,6,13.666666666666666,6,1,1
438,0,0.0,6,1,0
439,6,11.3,7,1,0
440,1,16.0,4,1,0
441,3,12.0,5,1,0
442,7,12.3,8,1,0
443,7,12.694285714285714,8,1,1
444,4,11.0,5,1,0
445,6,14.166666666666666,6,1,1
446,8,16.05,8,1,1
447,8,14.0625,8,1,0
448,5,12.8,6,1,0
449,5,12.8,6,1,1
450,7,14.402857142857142,8,1,0
451,7,13.381428571428572,8,1,1
452,8,13.98375,8,1,0
453,5,12.6,5,1,0
454,4,11.25,5,1,0
455,2,11.0,6,1,0
456,0,0.0,6,1,0
457,5,12.0,6,1,0
458,11,14.090909090909092,12,1,0
459,6,13.333333333333334,6,1,1
460,5,14.6,5,1,0
461,11,13.454545454545457,11,1,1
462,4,10.5,6,1,0
463,5,12.2,5,1,0
464,4,10.4,6,1,0
465,5,10.8,11,1,0
466,8,12.625,8,1,0
467,13,13.266666666666667,13,1,1
468,8,13.31,8,1,1
469,5,12.2,6,1,1
470,7,13.487142857142857,8,1,1
471,6,11.833333333333334,6,1,1
472,5,12.833333333333334,6,1,0
473,6,13.966666666666669,7,1,0
474,0,0.0,5,0,0
475,5,12.8,5,1,0
476,0,0.0,7,1,0
477,0,0.0,8,1,0
478,7,13.225,8,1,0
479,5,11.8,6,1,1
480,8,14.0375,8,1,0
481,7,14.314285714285717,8,1,1
482,0,0.0,8,1,0
483,2,13.0,6,1,0
484,7,12.128571428571428,8,1,1
485,5,12.2,6,1,1
486,4,10.571428571428571,6,1,0
487,4,11.75,6,1,0
488,8,14.4775,8,1,1
489,7,13.542857142857144,8,1,1
490,6,11.875,6,1,0
491,6,13.333333333333334,6,1,0
492,6,12.6,7,1,0
493,4,11.4,6,1,0
494,6,12.833333333333334,7,1,0
495,1,11.0,5,0,0
496,0,0.0,7,1,0
497,5,12.2,6,1,0
498,6,12.666666666666666,6,1,0
499,8,12.77125,8,1,0
500,5,12.6,5,1,0
501,5,14.6,6,1,0
502,4,10.833333333333334,6,0,0
503,0,0.0,4,0,0
504,7,11.721428571428572,8,1,1
505,3,12.525,7,1,0
506,5,13.8,7,1,0
507,6,13.666666666666666,6,1,0
508,5,14.0,5,1,0
509,0,0.0,5,1,0
510,0,0.0,6,1,0
511,0,0.0,5,0,0
512,4,11.75,5,1,0
513,0,0.0,5,0,0
514,0,0.0,4,0,0
515,0,0.0,6,0,0
516,5,12.4,6,1,0
517,3,11.666666666666666,6,1,0
518,1,11.0,6,1,0
519,5,10.2,6,1,0
520,7,12.61,8,1,1
521,5,12.6,5,1,0
522,6,13.5,6,0,0
523,5,13.0,5,1,1
524,0,0.0,8,1,0
525,1,11.0,5,1,0
526,3,10.5,5,1,0
527,0,0.0,0,1,0
528,0,0.0,5,0,0
529,4,11.75,6,1,0
530,3,11.666666666666666,5,1,1
531,0,0.0,6,1,0
532,7,11.69,8,1,0
534,0,0.0,0,1,0
535,5,11.285714285714286,5,1,0
536,0,0.0,5,1,0
537,5,12.4,6,1,0
538,6,13.166666666666666,6,1,0
539,6,11.333333333333334,6,1,0
540,8,15.018181818181818,8,1,0
541,2,12.0,5,1,0
542,6,12.625,6,1,1
543,8,15.188888888888888,8,1,1
544,5,12.6,5,1,1
545,3,11.0,5,1,0
546,2,13.5,5,1,0
547,2,14.5,6,1,0
548,6,13.496666666666668,8,1,0
549,5,11.0,5,1,0
550,3,12.0,5,1,0
551,4,13.75,6,0,0
552,3,13.666666666666666,8,1,0
553,0,0.0,6,1,0
554,0,0.0,5,1,0
555,6,10.857142857142858,9,1,0
556,3,12.0,5,1,0
557,0,0.0,0,1,0
558,3,10.666666666666666,6,1,0
559,8,12.5075,8,1,0
560,11,12.0,12,1,0
561,3,12.666666666666666,5,1,0
562,2,11.333333333333334,5,1,0
563,5,13.2,6,1,0
564,6,13.625,6,1,0
565,6,14.714285714285714,6,1,0
566,0,0.0,3,1,0
567,3,11.333333333333334,5,1,0
568,5,14.2,5,1,0
569,5,11.5,6,1,0
570,6,12.0,6,1,0
571,1,12.0,5,1,0
572,3,10.8,5,1,0
573,5,10.833333333333334,5,1,0
574,0,0.0,0,1,0
575,0,0.0,5,0,0
576,7,13.828571428571427,8,1,0
577,5,10.2,5,1,1
578,6,11.666666666666666,6,1,0
579,6,13.625,6,1,0
580,0,0.0,6,1,0
581,7,12.614285714285714,8,1,0
582,6,13.285714285714286,6,1,0
583,4,12.8,5,1,0
584,5,11.6,6,1,0
585,5,15.2,5,1,1
586,5,13.2,5,1,0
587,6,12.285714285714286,6,1,1
588,3,12.0,6,1,0
589,8,13.825,8,1,0
590,6,14.555555555555555,6,1,0
591,5,11.7,7,1,0
592,6,13.571428571428571,6,1,1
593,4,13.0,6,1,0
594,5,14.0,6,1,0
595,11,11.545454545454543,13,1,0
596,3,10.0,6,0,1
597,5,12.6,7,0,0
598,6,13.77777777777778,6,1,0
599,13,11.461538461538462,13,1,0
600,0,0.0,6,1,0
601,4,11.6,6,0,0
602,8,15.744444444444444,8,1,0
603,6,12.333333333333334,6,1,0
604,8,15.8125,8,1,1
605,0,0.0,0,0,0
606,0,0.0,5,1,1
607,7,12.355714285714283,8,1,1
608,0,0.0,6,1,0
609,5,11.98,7,1,1
610,7,12.571428571428571,7,1,1
611,6,14.166666666666666,6,1,0
612,6,11.166666666666666,6,1,0
613,5,13.2,5,1,0
614,7,12.357142857142858,8,1,1
615,7,13.857142857142858,8,1,1
616,6,10.666666666666666,6,1,1
617,8,13.788888888888888,8,1,0
618,8,13.01875,8,1,1
619,4,11.75,6,1,0
620,6,12.5,6,1,0
621,2,10.0,5,1,0
622,4,10.25,6,1,0
623,8,13.73125,8,1,1
624,3,12.666666666666666,6,1,1
625,5,10.8,6,1,0
626,6,11.333333333333334,8,1,0
627,8,13.811111111111112,8,1,0
628,6,14.166666666666666,6,1,0
629,5,12.0,6,1,0
630,7,12.042857142857144,8,1,1
631,4,13.0,6,1,0
632,8,15.5,8,1,1
633,7,11.7,8,1,1
634,5,14.0,6,1,1
635,6,12.714285714285714,6,1,1
636,7,12.62857142857143,8,1,1
637,4,11.4,5,1,0
638,5,11.6,6,1,0
639,6,11.833333333333334,6,1,1
640,0,0.0,6,0,0
641,2,11.0,5,1,0
642,3,12.333333333333334,5,1,0
643,8,14.26875,8,1,0
644,0,0.0,6,0,0
645,3,13.333333333333334,5,1,1
646,1,10.0,6,1,0
647,5,14.833333333333334,5,1,0
648,8,13.2125,8,1,0
649,4,10.75,5,1,0
650,6,16.428571428571427,6,1,0
651,6,13.5,9,0,0
652,7,12.614285714285714,8,1,0
653,6,11.5,6,1,1
654,4,11.0,6,1,0
655,3,10.0,6,1,1
656,2,10.0,6,1,0
657,11,11.454545454545457,13,1,0
658,5,12.4,6,1,0
659,0,0.0,6,1,0
660,6,15.5,6,1,0
661,6,11.708333333333334,7,1,0
662,6,13.666666666666666,6,1,0
663,4,13.25,5,1,0
664,8,14.444444444444445,8,1,0
665,5,16.0,5,1,1
666,4,11.75,6,0,0
667,11,13.545454545454543,11,1,1
668,0,0.0,8,1,0
669,17,13.554736842105264,17,1,0
670,6,11.0,6,1,1
671,7,14.714285714285714,7,1,0
672,8,11.7375,8,1,1
673,5,13.2,6,1,0
674,6,13.5,6,1,0
675,2,11.0,6,1,0
676,6,15.0,6,1,0
677,4,12.0,6,1,0
678,0,0.0,5,0,0
679,0,0.0,0,1,1
680,6,10.666666666666666,6,1,0
681,6,14.0,6,1,1
682,5,14.0,5,0,1
683,0,0.0,6,0,0
684,9,11.22222222222222,12,1,0
685,10,12.8,10,1,0
686,2,11.0,2,0,0
687,8,12.48125,8,1,0
688,5,14.0,5,1,0
689,0,0.0,5,0,0
690,0,0.0,6,1,0
691,13,12.384615384615383,13,1,0
692,4,13.0,6,1,0
693,0,0.0,7,0,0
695,2,13.5,5,1,0
696,6,13.666666666666666,6,1,0
697,5,10.8,6,1,0
698,6,11.714285714285714,6,1,0
699,1,17.0,5,1,0
700,3,12.0,6,0,0
701,3,13.666666666666666,5,1,0
703,0,0.0,5,1,0
704,7,14.857142857142858,7,1,0
705,4,13.333333333333334,5,1,1
706,7,12.142857142857142,7,1,0
707,13,14.23076923076923,13,1,0
708,9,15.77777777777778,9,1,0
709,0,0.0,5,0,0
710,0,0.0,5,1,0
711,0,0.0,5,0,0
712,5,11.6,5,1,0
713,7,13.105714285714283,8,1,0
714,5,14.4,5,1,0
715,11,12.0,11,1,0
716,0,0.0,5,1,0
717,0,0.0,6,0,0
718,5,17.6,5,1,0
719,5,12.4,6,1,0
720,3,12.0,9,1,0
721,6,12.0,6,1,0
722,0,0.0,0,1,0
723,0,0.0,6,0,0
724,0,0.0,5,0,0
725,8,16.575,8,1,0
726,7,14.375,7,1,0
727,0,0.0,5,1,0
728,0,0.0,0,1,0
729,5,11.2,6,1,0
730,3,12.0,6,0,1
731,5,11.666666666666666,6,1,0
732,5,11.6,6,1,0
733,4,12.75,5,1,0
734,0,0.0,6,1,0
735,5,12.0,6,1,0
736,6,12.333333333333334,7,1,0
737,3,11.333333333333334,6,1,0
738,10,11.181818181818182,11,1,0
739,5,13.0,6,1,0
740,0,0.0,6,1,0
741,6,12.5,6,1,0
742,6,12.4,7,1,0
743,3,10.333333333333334,5,1,0
744,6,15.0,6,1,0
745,0,0.0,6,0,0
746,2,11.0,6,0,0
748,0,0.0,5,1,0
749,8,13.944444444444445,8,1,0
750,3,13.333333333333334,5,1,0
751,6,14.666666666666666,6,1,1
752,8,13.105,8,1,1
753,0,0.0,5,0,0
754,6,12.166666666666666,6,1,1
755,0,0.0,0,0,0
756,3,12.333333333333334,6,0,0
757,11,11.363636363636363,14,0,0
758,4,13.0,6,1,0
759,5,11.8,5,1,0
760,12,12.384615384615383,12,1,0
761,0,0.0,0,1,0
762,6,12.0,7,1,0
763,1,10.0,5,1,0
764,10,13.0,11,1,0
765,5,11.2,5,1,0
766,4,12.4,5,1,0
767,7,12.571428571428571,7,1,0
768,7,13.857142857142858,7,1,0
769,6,14.0,6,1,0
770,6,15.142857142857142,6,1,1
771,0,0.0,6,1,0
772,7,13.294444444444444,8,1,0
773,6,12.166666666666666,6,1,0
774,4,12.2,6,1,0
775,3,12.0,6,1,0
776,6,15.625,6,1,0
777,9,12.7,11,1,0
779,6,13.833333333333334,6,1,1
780,6,15.5,6,1,1
781,4,10.5,6,1,0
782,8,14.63375,8,1,1
783,6,13.345,8,1,0
784,6,12.333333333333334,6,1,1
785,6,12.142857142857142,6,1,0
786,5,14.0,6,1,0
787,7,14.537142857142856,8,1,0
789,0,0.0,0,1,1
790,6,13.833333333333334,6,1,1
791,0,0.0,7,0,0
792,6,12.428571428571429,6,1,1
793,5,13.6,6,1,0
794,6,12.166666666666666,6,1,1
795,6,14.166666666666666,6,1,1
797,8,12.95,8,1,0
798,6,13.666666666666666,6,1,1
799,4,12.75,6,1,0
800,4,12.0,6,0,1
801,0,0.0,6,0,0
802,5,12.2,5,1,0
803,6,14.0,6,1,0
804,7,14.285714285714286,7,1,0
805,3,10.0,5,1,0
806,6,12.166666666666666,6,1,1
807,4,13.0,6,0,0
808,0,0.0,6,1,0
809,6,11.5,6,1,0
810,0,0.0,6,0,1
811,6,13.666666666666666,7,1,1
812,8,13.627777777777778,8,1,1
813,8,14.144444444444444,8,1,0
814,7,15.0,7,1,0
815,3,12.666666666666666,5,1,0
816,6,11.5,6,1,0
817,6,12.833333333333334,6,1,0
819,6,12.833333333333334,6,1,0
820,4,11.6,5,1,1
821,0,0.0,0,1,0
822,6,13.2,7,1,0
823,6,13.285714285714286,6,1,1
824,6,11.5,6,1,1
825,5,14.0,6,1,0
826,6,13.166666666666666,7,1,0
827,6,15.333333333333334,6,1,1
828,8,14.25,8,1,0
829,0,0.0,6,1,0
830,6,11.0,6,1,0
831,0,0.0,5,1,0
832,2,12.5,5,1,0
833,1,10.0,6,1,0
834,0,0.0,5,1,0
835,2,11.0,5,1,0
836,4,10.75,5,1,0
837,2,13.5,7,1,0
838,0,0.0,5,0,0
839,5,12.4,5,1,0
840,0,0.0,5,0,0
841,4,14.0,5,0,0
842,0,0.0,5,0,0
843,6,14.016666666666666,7,1,0
844,5,10.8,6,1,0
845,0,0.0,0,0,1
846,5,12.0,5,1,0
847,4,10.25,5,1,0
848,5,12.714285714285714,5,1,0
850,7,12.82375,8,1,0
851,4,11.25,6,1,0
852,6,14.166666666666666,6,1,1
853,7,13.842857142857143,8,1,1
854,0,0.0,5,0,0
855,0,0.0,6,1,0
856,6,13.833333333333334,6,1,0
857,0,0.0,6,1,0
858,0,0.0,5,1,0
859,2,10.0,6,1,0
860,3,13.25,5,1,0
861,0,0.0,5,0,0
862,7,12.142857142857142,9,1,0
863,2,14.5,6,0,0
864,6,13.5,6,0,0
865,8,15.055555555555555,8,1,1
866,0,0.0,5,1,0
867,0,0.0,5,1,1
868,5,12.8,6,1,0
869,0,0.0,0,1,0
870,6,12.5,6,1,0
871,2,13.0,5,1,0
872,10,11.583333333333334,11,1,0
873,6,11.583333333333334,8,1,1
874,4,14.5,6,1,0
875,8,12.233333333333333,8,1,1
876,5,11.0,6,1,1
877,0,0.0,7,1,1
878,5,11.6,5,1,0
879,7,12.142857142857142,9,1,0
880,5,13.2,6,1,1
881,0,0.0,0,1,0
882,0,0.0,6,0,0
883,6,11.428571428571429,10,0,0
884,7,12.599999999999998,8,1,1
885,9,12.333333333333334,10,1,0
886,6,13.0,6,1,0
888,8,15.35,8,1,1
889,4,11.25,6,1,1
890,6,14.666666666666666,6,1,0
892,7,14.428571428571429,8,1,1
893,0,0.0,5,0,0
895,1,13.0,5,0,0
896,6,13.0,6,1,0
897,11,12.545454545454543,12,1,1
898,4,11.0,6,1,0
899,6,14.0,6,1,1
900,2,14.0,5,1,0
901,5,11.2,6,1,1
902,8,12.8875,8,1,0
903,6,12.95,7,1,1
904,0,0.0,5,1,0
905,8,12.55,8,1,1
906,0,0.0,6,1,0
907,6,11.0,6,1,1
908,3,10.0,6,1,0
909,0,0.0,0,1,0
910,6,13.333333333333334,6,1,0
911,5,13.4,5,1,0
912,2,11.0,5,0,0
913,6,12.0,6,1,0
914,0,0.0,8,1,0
915,6,13.666666666666666,6,1,0
916,0,0.0,5,1,0
917,0,0.0,6,1,0
918,6,15.0,6,1,0
919,6,12.333333333333334,6,1,1
920,5,10.4,6,1,1
921,6,11.5,6,1,1
922,4,12.25,6,1,0
923,2,10.5,7,0,1
924,3,11.333333333333334,5,1,0
925,6,13.7,7,1,1
926,0,0.0,5,1,0
927,6,12.166666666666666,7,1,0
928,0,0.0,6,1,0
930,2,12.5,5,1,0
931,7,13.285714285714286,7,1,1
932,8,15.11111111111111,8,1,0
933,2,11.5,5,1,0
934,7,11.705714285714285,8,1,0
935,11,14.333333333333334,11,1,0
936,1,10.0,7,1,0
937,7,13.428571428571429,7,1,0
938,4,12.25,6,1,0
939,3,11.0,6,0,0
940,5,12.4,6,1,0
941,6,12.285714285714286,6,1,1
942,0,0.0,5,1,0
943,0,0.0,6,1,0
944,8,16.075,8,1,1
945,6,12.666666666666666,6,1,0
946,5,12.833333333333334,5,1,0
947,0,0.0,4,0,1
948,4,11.5,9,1,0
949,0,0.0,5,1,0
950,5,11.6,5,1,0
951,0,0.0,5,0,0
952,6,12.666666666666666,6,1,0
953,0,0.0,8,1,0
954,4,12.0,11,1,0
955,1,11.0,5,1,0
956,6,11.666666666666666,6,1,1
957,5,13.0,6,1,0
958,5,12.666666666666666,5,1,1
959,0,0.0,4,0,0
960,2,11.5,5,0,0
961,14,13.642857142857142,14,1,0
962,5,13.2,5,1,0
963,2,12.5,5,1,0
964,5,10.2,6,1,1
965,5,12.4,6,1,0
966,0,0.0,5,0,0
967,0,0.0,6,1,0
968,0,0.0,5,0,0
969,2,10.5,5,1,0
970,4,14.75,5,1,0
971,0,0.0,5,1,0
972,0,0.0,5,0,0
973,4,15.5,4,1,0
974,5,11.125,5,1,0
975,3,10.333333333333334,5,0,0
976,6,12.666666666666666,7,1,0
977,4,13.25,5,1,1
978,5,14.666666666666666,5,0,0
979,8,12.25,9,1,0
980,2,10.5,5,1,0
981,5,11.4,5,1,1
982,6,12.5,6,1,0
983,4,10.833333333333334,5,1,0
984,1,16.0,5,1,0
985,7,13.714285714285714,8,1,0
986,6,15.8,6,1,0
987,0,0.0,6,1,0
988,2,10.0,6,1,0
989,2,13.5,6,0,0
990,8,16.327272727272728,8,1,0
991,5,14.8,6,1,0
992,6,11.0,6,1,0
993,6,13.5,6,1,0
994,5,14.6,6,1,0
995,6,14.333333333333334,6,1,1
998,5,13.4,6,1,0
999,6,13.0,6,1,0
1000,0,0.0,6,1,0
1001,0,0.0,6,0,0
1002,0,0.0,0,1,0
1003,3,11.0,5,1,1
1004,6,17.428571428571427,6,1,0
1005,5,12.0,5,1,0
1006,7,15.228571428571428,8,1,1
1007,9,13.22222222222222,9,1,0
1008,7,14.428571428571429,8,1,1
1009,6,13.714285714285714,6,1,0
1010,6,13.193333333333332,8,1,0
1011,7,12.4125,8,1,0
1012,5,12.0,5,1,1
1013,0,0.0,6,1,0
1014,5,11.6,5,1,1
1015,6,12.333333333333334,6,1,0
1016,0,0.0,5,1,1
1017,11,12.909090909090908,11,1,1
1018,0,0.0,6,0,1
1019,6,12.285714285714286,6,1,1
1020,8,12.98125,8,1,1
1021,5,11.2,5,1,0
1022,6,11.68,8,1,0
1023,6,13.5,6,1,0
1024,7,12.857142857142858,7,1,0
1025,2,10.5,5,0,0
1026,5,11.8,5,1,0
1027,5,12.2,6,1,1
1028,8,14.875,8,1,0
1029,7,13.314285714285717,8,1,1
1030,3,10.5,5,1,1
1031,4,10.75,6,1,1
1032,6,14.142857142857142,6,1,0
1033,5,15.571428571428571,5,1,1
1034,0,0.0,6,1,0
1035,6,14.0,6,1,1
1036,0,0.0,6,1,0
1037,6,13.166666666666666,6,1,0
1039,5,10.6,6,1,0
1040,5,10.4,6,1,0
1041,7,12.791428571428572,8,1,1
1042,5,11.2,7,1,0
1043,7,12.43142857142857,8,1,1
1044,5,12.2,6,1,0
1045,0,0.0,5,1,0
1046,6,13.166666666666666,6,1,0
1047,7,14.1,8,1,0
1048,7,12.94285714285714,8,1,1
1049,8,16.0875,8,1,0
1050,0,0.0,0,1,1
1051,8,15.1,8,1,0
1052,8,15.2,8,1,0
1053,5,13.0,6,1,0
1054,8,15.8625,8,1,1
1055,7,14.671428571428574,8,1,1
1056,7,12.242857142857144,8,1,1
1057,6,14.566666666666668,7,1,0
1058,4,11.25,5,0,0
1059,7,12.685714285714283,8,1,0
1060,4,13.25,9,0,0
1061,0,0.0,6,1,0
1062,6,11.166666666666666,6,1,0
1063,8,14.445,8,1,0
1064,4,11.75,6,1,0
1065,8,14.625,10,0,0
1066,6,13.416666666666666,7,1,1
1067,5,11.4,5,1,0
1068,8,14.8125,8,1,0
1069,5,12.8,6,1,0
1070,8,14.75,8,1,1
1071,6,14.333333333333334,6,1,1
1072,5,12.5,6,1,0
1073,5,14.857142857142858,5,1,0
1074,6,13.0,6,1,0
1075,6,12.0,6,1,0
1076,8,12.0,8,0,0
1077,1,14.0,6,1,0
1078,0,0.0,0,1,0
1079,7,13.614285714285714,8,1,1
1080,6,12.666666666666666,6,1,1
1081,5,11.0,6,1,1
1082,4,12.6,6,1,0
1083,7,14.857142857142858,7,1,1
1084,6,12.625,6,1,1
1085,0,0.0,6,1,0
1086,6,13.666666666666666,6,1,1
1087,6,13.166666666666666,6,1,0
1088,6,13.333333333333334,7,1,0
1089,0,0.0,0,1,0
1090,5,12.0,5,1,0
1091,0,0.0,6,1,0
1092,6,11.666666666666666,6,1,0
1093,6,11.571428571428571,6,1,0
1094,8,12.55,8,1,1
1095,3,10.666666666666666,6,0,0
1096,0,0.0,6,0,0
1097,4,11.25,6,1,0
1098,6,12.833333333333334,6,1,1
1099,8,14.07125,8,1,1
1100,5,13.2,5,1,0
1101,0,0.0,2,0,0
1102,4,10.25,6,1,0
1103,7,10.571428571428571,10,1,0
1104,5,11.6,6,1,0
1105,0,0.0,0,1,0
1106,7,14.901428571428571,8,1,1
1107,8,12.445555555555554,8,1,1
1108,5,10.6,5,0,0
1109,5,12.666666666666666,5,1,0
1110,6,12.666666666666666,6,1,0
1111,7,13.328571428571427,8,1,1
1112,6,12.5,7,1,1
1113,3,11.333333333333334,5,1,0
1114,7,14.051428571428572,8,1,1
1115,8,13.11625,8,1,0
1116,0,0.0,6,0,0
1117,7,13.571428571428571,8,1,0
1118,5,11.7,8,1,0
1119,6,12.333333333333334,7,1,1
1120,5,16.4,6,1,0
1121,5,13.2,5,1,0
1122,8,13.49375,8,1,0
1123,5,13.0,6,1,1
1124,6,13.5,6,1,1
1125,4,13.0,5,1,1
1126,8,16.582222222222224,8,1,0
1127,5,11.0,6,0,1
1128,5,13.6,5,1,1
1130,8,13.05875,8,1,1
1131,7,13.285714285714286,8,1,0
1132,3,10.666666666666666,5,1,0
1133,8,15.1625,8,1,1
1134,0,0.0,6,0,0
1135,3,11.0,10,0,0
1136,6,13.625,6,1,1
1137,3,11.666666666666666,6,1,1
1138,7,13.297142857142855,8,1,0
1139,6,14.25,6,1,0
1140,7,12.833333333333334,8,1,0
1141,3,11.0,5,1,1
1142,4,13.75,5,1,0
1143,6,12.571428571428571,6,1,1
1144,4,12.625,5,1,1
1145,5,12.2,6,1,0
1146,0,0.0,0,1,0
1147,5,11.4,5,1,0
1148,6,12.166666666666666,7,1,0
1149,7,13.485714285714284,8,1,0
1150,6,11.285714285714286,6,1,1
1151,0,0.0,0,1,0
1152,3,14.428571428571429,5,1,0
1153,5,13.76,7,1,0
1154,7,13.258571428571427,8,1,0
1155,4,12.0,5,1,0
1156,1,10.0,6,0,0
1157,6,12.5,6,1,1
1158,5,11.833333333333334,6,1,1
1159,5,13.285714285714286,5,1,1
1160,5,11.8,5,1,0
1161,7,12.6375,7,1,0
1162,7,14.652857142857142,8,1,0
1163,6,11.333333333333334,6,1,1
1164,0,0.0,7,0,0
1165,8,14.75,8,1,0
1166,7,11.142857142857142,8,1,0
1167,5,13.0,6,1,0
1168,6,13.857142857142858,6,1,1
1169,4,11.75,5,1,0
1170,5,13.2,5,1,0
1171,7,15.07,8,1,1
1172,1,12.0,5,1,0
1173,5,12.666666666666666,5,1,0
1174,4,12.6,6,1,0
1175,3,11.25,6,1,0
1176,5,12.166666666666666,6,1,0
1177,5,14.2,6,1,0
1178,2,10.0,7,1,0
1179,8,12.5125,8,1,1
1180,3,12.333333333333334,7,1,0
1181,4,10.5,5,1,0
1182,6,11.9,8,1,0
1183,5,13.2,9,0,0
1184,6,11.933333333333332,8,1,0
1185,6,12.285714285714286,6,1,1
1186,10,12.96818181818182,10,1,0
1187,1,11.0,5,1,0
1188,4,11.5,6,1,0
1189,6,13.142857142857142,6,1,1
1190,0,0.0,5,1,0
1191,7,12.04142857142857,8,1,0
1192,0,0.0,0,1,1
1193,12,14.583333333333334,12,1,0
1194,13,15.307692307692308,13,1,0
1195,7,12.714285714285714,7,1,0
1196,0,0.0,6,0,0
1197,3,10.333333333333334,6,1,0
1198,6,15.166666666666666,6,0,0
1199,6,16.375,6,1,0
1200,6,14.714285714285714,6,1,0
1201,6,12.166666666666666,6,1,0
1202,2,14.8,5,0,0
1203,4,11.75,6,1,1
1204,0,0.0,6,0,0
1205,4,13.625,5,1,0
1206,12,12.333333333333334,14,1,0
1207,6,12.9,6,1,0
1208,0,0.0,6,0,0
1209,4,10.5,6,0,0
1210,0,0.0,8,0,0
1211,5,11.5,6,1,1
1212,8,13.63,8,1,1
1213,4,11.5,5,1,0
1214,7,12.228571428571428,7,1,1
1215,8,16.37777777777778,8,1,1
1216,4,12.0,6,1,0
1217,6,13.285714285714286,6,1,0
1218,7,12.764285714285714,8,1,0
1219,5,12.166666666666666,5,1,1
1220,0,0.0,0,1,0
1221,8,15.68333333333333,8,1,1
1222,0,0.0,5,0,0
1223,6,12.5,6,1,1
1224,8,13.57625,8,1,1
1225,6,15.833333333333334,6,1,1
1226,5,11.6,5,1,0
1227,6,12.0,6,1,0
1228,8,13.76375,8,1,0
1229,5,12.2,9,1,0
1230,5,12.2,6,1,1
1231,6,11.666666666666666,6,1,0
1232,6,14.357142857142858,7,1,0
1233,6,12.666666666666666,6,1,0
1234,7,13.925714285714283,8,1,0
1235,3,11.0,5,1,0
1236,8,13.744444444444444,8,1,0
1237,0,0.0,5,1,0
1238,6,13.2,6,1,0
1239,0,0.0,6,1,0
1240,4,11.0,4,0,0
1241,3,11.666666666666666,5,0,0
1242,1,10.0,5,1,0
1243,5,13.0,6,1,0
1244,1,10.0,5,0,0
1245,1,13.0,7,1,0
1246,6,12.833333333333334,6,1,1
1247,0,0.0,6,1,0
1248,1,11.0,6,1,0
1249,5,11.8,6,0,0
1250,6,16.0,6,1,0
1251,6,12.857142857142858,6,1,0
1252,5,12.333333333333334,6,1,1
1253,6,11.333333333333334,6,1,0
1255,1,10.0,6,1,1
1256,6,12.857142857142858,6,1,0
1257,8,13.8,8,1,0
1258,7,13.6,8,1,1
1259,6,15.875,6,1,0
1260,6,11.5,6,1,0
1261,2,14.0,6,1,0
1262,0,0.0,6,1,0
1263,6,16.2,6,1,1
1264,7,11.785714285714286,8,1,1
1265,8,13.42375,8,1,1
1266,5,14.166666666666666,6,1,0
1267,7,12.464285714285714,8,1,1
1268,5,12.6,9,1,0
1269,0,0.0,6,1,0
1270,6,12.428571428571429,6,1,0
1271,4,12.4,5,1,0
1272,4,12.0,5,1,0
1273,0,0.0,6,1,0
1274,5,12.333333333333334,5,1,0
1275,6,13.5,6,1,0
1276,5,12.666666666666666,6,1,0
1277,5,11.8,5,0,0
1278,4,11.5,6,1,1
1279,6,12.625,6,1,1
1280,6,13.0,6,1,1
1281,7,13.024285714285714,8,1,1
1282,0,0.0,6,0,0
1283,5,18.571428571428573,5,1,1
1284,4,11.5,5,1,1
1285,6,12.5,7,1,0
1286,5,13.8,6,1,1
1287,6,11.833333333333334,6,1,0
1288,4,11.5,6,1,0
1289,7,13.771428571428572,8,1,0
1290,6,13.625,6,1,1
1291,7,14.285714285714286,8,1,0
1292,2,10.0,6,1,0
1294,0,0.0,6,0,0
1295,0,0.0,5,1,0
1296,0,0.0,5,1,0
1297,5,12.38,7,1,0
1298,5,11.8,5,1,0
1299,3,12.0,6,1,0
1300,0,0.0,5,1,0
1301,0,0.0,6,0,0
1302,0,0.0,0,1,0
1303,8,13.333333333333334,8,1,0
1304,6,15.0,6,1,1
1305,6,12.833333333333334,6,1,0
1306,10,13.3,10,1,1
1307,5,12.2,5,1,1
1308,7,13.314285714285717,8,1,0
1309,7,11.98857142857143,8,1,0
1310,8,12.88888888888889,9,1,0
1311,6,13.875,6,1,1
1312,6,12.833333333333334,6,1,1
1313,8,13.411111111111111,8,1,0
1314,3,12.0,6,1,0
1315,7,14.65,8,1,0
1316,4,11.75,5,1,0
1318,3,11.0,6,1,1
1319,5,11.2,6,1,0
1320,6,12.333333333333334,6,1,0
1322,8,13.76375,8,1,1
1323,6,12.8,7,1,1
1324,2,12.0,5,1,0
1325,6,14.333333333333334,7,1,0
1326,2,12.666666666666666,6,1,0
1327,0,0.0,6,0,0
1328,8,14.622222222222224,8,1,0
1329,3,13.75,6,1,0
1330,8,13.9125,8,1,1
1331,8,13.994444444444444,8,1,0
1332,1,12.0,5,0,0
1333,4,12.0,6,1,0
1334,8,13.333333333333334,8,1,0
1335,5,10.4,6,1,0
1336,6,11.685714285714283,7,1,1
1337,4,12.0,5,0,1
1338,5,11.0,6,1,0
1339,7,11.4,8,1,1
1340,6,11.333333333333334,6,1,1
1341,4,12.2,6,1,0
1342,4,15.0,5,1,1
1343,5,13.5,6,1,1
1344,6,11.0,6,0,1
1345,6,13.333333333333334,6,1,0
1346,6,13.5,6,1,1
1347,7,12.5,7,1,1
1348,8,13.333333333333334,9,0,0
1349,6,12.833333333333334,6,1,1
1350,0,0.0,0,1,0
1351,7,15.657142857142857,8,1,0
1352,6,11.333333333333334,6,1,0
1353,0,0.0,6,1,0
1354,5,11.166666666666666,6,1,1
1355,5,12.666666666666666,6,1,0
1356,0,0.0,6,1,0
1357,0,0.0,5,0,0
1358,0,0.0,0,0,0
1359,0,0.0,5,0,0
1361,7,13.331428571428573,8,1,1
1362,0,0.0,6,1,0
1363,0,0.0,0,1,0
1364,6,13.7,7,1,0
1365,0,0.0,5,0,0
1366,6,13.875,7,1,0
1367,7,12.2,8,1,0
1368,4,11.0,5,1,0
1369,6,12.857142857142858,6,1,1
1370,6,14.0,6,1,0
1371,7,15.028571428571428,8,1,0
1372,6,11.714285714285714,6,1,0
1373,5,12.4,6,1,0
1374,3,11.333333333333334,8,0,0
1375,0,0.0,0,1,0
1376,4,12.5,5,1,0
1377,0,0.0,0,1,1
1378,0,0.0,6,0,0
1379,0,0.0,6,1,0
1380,5,12.583333333333334,7,1,0
1381,0,0.0,8,0,0
1382,13,11.076923076923077,13,1,0
1383,6,13.35,7,1,0
1384,2,16.0,6,1,1
1385,0,0.0,5,1,0
1386,0,0.0,4,0,0
1387,5,11.833333333333334,5,1,0
1388,0,0.0,5,1,0
1389,3,10.6,5,1,0
1390,8,13.88125,8,1,1
1391,5,12.6,6,1,0
1392,0,0.0,0,1,0
1393,6,13.666666666666666,6,1,0
1394,6,12.5,6,1,0
1395,6,11.333333333333334,6,1,1
1396,6,13.0,6,1,0
1397,9,13.77777777777778,9,1,1
1398,7,12.228571428571428,7,1,0
1399,7,14.142857142857142,7,1,1
1400,0,0.0,0,1,0
1401,5,12.4,6,1,1
1402,5,13.8,5,1,0
1403,8,15.06875,8,1,1
1404,0,0.0,5,0,0
1405,0,0.0,6,1,0
1406,7,12.342857142857143,8,1,1
1407,5,10.8,6,1,0
1408,1,11.0,6,1,0
1409,5,11.6,5,1,0
1410,0,0.0,6,1,0
1411,6,12.0,6,1,1
1412,10,11.7,10,1,0
1413,3,11.666666666666666,6,1,1
1414,8,14.5125,8,1,0
1415,4,12.333333333333334,5,1,0
1416,0,0.0,6,0,0
1417,5,13.6,6,1,0
1418,5,11.8,5,1,1
1419,5,12.833333333333334,6,1,0
1420,5,11.4,6,1,0
1421,3,12.666666666666666,5,1,1
1422,6,11.833333333333334,6,1,1
1423,6,11.5,6,1,0
1424,5,13.4,5,1,0
1425,0,0.0,0,1,1
1426,4,11.5,6,1,0
1427,2,13.5,6,1,0
1428,4,12.25,6,1,1
1429,6,12.833333333333334,6,1,1
1430,7,12.90857142857143,8,1,1
1431,1,10.0,6,1,0
1432,5,11.0,6,1,1
1433,6,15.833333333333334,6,1,0
1434,6,12.875,8,1,1
1435,2,14.0,6,0,0
1436,2,11.0,5,1,0
1437,6,12.166666666666666,6,1,0
1438,6,14.333333333333334,6,1,1
1439,5,12.571428571428571,5,1,0
1440,4,14.25,5,1,0
1441,17,12.055555555555555,17,1,0
1442,6,14.666666666666666,6,1,0
1443,0,0.0,6,0,0
1444,5,13.833333333333334,5,1,0
1445,0,0.0,5,0,0
1446,0,0.0,0,0,0
1447,3,12.333333333333334,5,1,1
1448,3,13.666666666666666,6,1,0
1449,9,12.555555555555555,9,1,0
1450,5,12.166666666666666,6,1,0
1451,12,12.307692307692308,12,1,0
1452,0,0.0,0,1,0
1453,6,11.166666666666666,6,1,1
1454,4,12.25,5,1,0
1455,0,0.0,5,1,1
1456,4,13.0,5,1,0
1457,6,12.041666666666666,8,1,0
1458,1,10.0,6,1,0
1459,0,0.0,5,0,0
1460,4,12.5,6,1,0
1461,6,12.3,6,1,0
1462,4,12.0,5,1,0
1463,1,10.0,5,1,0
1464,5,10.4,6,1,0
1465,8,12.75,11,1,0
1466,0,0.0,5,1,0
1467,4,14.25,5,1,0
1468,6,14.166666666666666,6,1,1
1469,6,13.666666666666666,6,1,0
1470,4,11.4,5,1,0
1471,5,11.5,6,1,0
1472,6,12.285714285714286,6,1,1
1473,0,0.0,6,1,0
1474,2,12.5,5,1,0
1475,5,12.6,5,1,0
1476,2,11.5,5,1,0
1477,11,13.0,11,1,0
1478,0,0.0,6,0,0
1479,0,0.0,6,1,1
1480,5,14.8,8,1,1
1481,6,11.333333333333334,6,1,0
1482,6,14.428571428571429,6,1,1
1483,4,13.4,6,1,1
1484,6,10.983333333333334,7,1,1
1485,5,11.5,6,1,1
1486,7,14.285714285714286,9,0,1
1487,5,12.2,6,1,1
1488,0,0.0,6,1,0
1489,5,14.833333333333334,5,1,0
1490,6,13.5,6,1,0
1491,6,11.0,6,1,0
1492,2,10.5,6,1,0
1493,5,13.0,6,1,1
1494,0,0.0,7,1,0
1495,5,14.142857142857142,5,1,0
1496,8,14.6875,8,1,0
1497,5,13.0,6,1,0
1498,6,12.333333333333334,6,1,0
1499,5,12.6,6,1,1
1500,6,13.857142857142858,6,1,0
1501,0,0.0,6,1,0
1502,5,13.833333333333334,5,1,0
1503,5,10.84,7,1,0
1504,7,12.457142857142856,8,1,0
1505,3,12.0,6,0,0
1506,4,10.5,5,1,1
1507,0,0.0,0,1,0
1508,12,13.0,12,1,0
1509,0,0.0,8,1,0
1510,0,0.0,6,0,0
1511,4,12.5,5,1,0
1512,0,0.0,0,1,1
1513,6,14.333333333333334,6,1,0
1514,0,0.0,8,1,0
1515,17,14.88888888888889,17,1,1
1516,0,0.0,8,0,0
1517,11,13.583333333333334,11,1,0
1518,0,0.0,0,1,1
1519,0,0.0,5,0,0
1520,0,0.0,5,1,0
1521,5,15.2,5,1,0
1522,0,0.0,6,1,0
1523,4,11.0,5,1,0
1524,0,0.0,0,1,0
1525,7,12.828571428571427,8,1,0
1526,4,12.6,6,0,0
1527,3,12.4,5,1,1
1528,4,13.25,6,0,0
1529,7,11.328571428571427,8,0,0
1530,3,13.0,6,1,0
1531,6,13.033333333333331,7,1,0
1532,4,11.75,6,1,0
1533,3,16.2,5,1,0
1534,5,13.6,5,1,0
1535,6,12.5,7,1,0
1536,0,0.0,7,1,0
1537,6,12.0,6,1,1
1538,3,11.666666666666666,6,0,0
1539,0,0.0,5,0,0
1540,4,10.8,5,1,0
1541,0,0.0,6,1,0
1542,0,0.0,5,1,0
1543,0,0.0,6,1,0
1544,3,12.0,6,1,0
1545,6,12.5,6,1,0
1546,5,11.8,6,0,0
1547,0,0.0,5,0,0
1548,0,0.0,5,0,0
1549,0,0.0,8,0,0
1550,13,12.0,13,1,1
1551,6,10.666666666666666,9,1,0
1552,12,10.923076923076923,12,1,0
1553,5,13.0,5,1,0
1554,6,14.333333333333334,6,1,1
1555,8,14.23125,8,1,0
1556,0,0.0,5,1,0
1557,0,0.0,5,1,0
1558,0,0.0,0,1,0
1559,8,13.24875,8,1,0
1560,4,12.75,7,1,0
1561,4,14.25,6,1,0
1562,5,12.4,5,1,1
1563,2,11.0,6,0,0
1564,4,14.0,6,1,0
1565,6,12.166666666666666,6,1,1
1566,8,15.61111111111111,8,1,1
1567,5,11.4,5,1,0
1568,2,11.666666666666666,7,1,0
1570,7,13.857142857142858,7,1,0
1571,0,0.0,6,0,0
1572,0,0.0,5,0,0
1573,4,11.75,6,0,0
1574,5,12.4,9,1,0
1575,0,0.0,0,1,0
1576,4,13.75,6,1,0
1577,4,13.0,5,1,0
1578,3,12.0,5,0,0
1579,0,0.0,0,1,1
1580,6,14.166666666666666,6,1,1
1581,4,11.0,6,1,0
1582,1,11.0,5,1,0
1583,5,11.2,6,1,1
1584,6,13.0,6,1,1
1585,0,0.0,0,1,0
1586,4,12.25,5,1,0
1587,3,10.8,5,1,0
1588,1,12.0,6,1,0
1589,6,12.166666666666666,6,1,0
1590,0,0.0,6,1,0
1591,0,0.0,0,1,0
1592,2,10.333333333333334,5,1,0
1593,0,0.0,0,0,1
1594,4,11.75,5,1,0
1595,4,11.0,5,1,0
1596,6,12.5,8,1,0
1597,6,16.142857142857142,6,1,1
1598,5,11.8,6,1,0
1599,3,11.333333333333334,6,1,0
1600,0,0.0,0,1,0
1601,4,14.25,6,1,0
1602,3,10.333333333333334,6,1,0
1603,5,13.6,6,1,0
1604,0,0.0,6,0,0
1605,8,11.625,10,1,0
1606,6,13.0,6,1,0
1607,8,12.8875,8,1,0
1608,5,13.6,6,1,0
1609,6,12.571428571428571,6,1,0
1610,2,12.5,5,1,0
1611,5,12.4,5,1,0
1612,8,12.28125,8,1,0
1613,0,0.0,5,0,0
1614,6,11.5,6,1,1
1615,2,11.0,6,1,0
1616,4,14.5,5,1,0
1617,5,11.8,6,1,0
1618,6,13.0,6,1,1
1619,5,11.8,8,1,1
1620,5,14.5,6,1,0
1621,5,13.0,5,1,0
1622,4,11.25,7,0,0
1623,4,11.75,7,1,0
1624,9,10.444444444444445,13,1,0
1625,0,0.0,5,0,0
1626,5,12.77777777777778,6,1,1
1627,4,11.0,7,1,0
1628,4,12.75,5,0,0
1629,0,0.0,5,1,0
1630,4,11.75,5,1,0
1631,0,0.0,4,0,0
1632,5,14.2,5,1,0
1633,11,12.818181818181818,11,1,0
1634,5,11.8,5,1,0
1635,6,13.333333333333334,6,1,1
1636,4,13.0,5,1,0
1637,7,11.65,8,1,1
1638,0,0.0,5,1,0
1639,11,14.818181818181818,12,1,0
1640,8,12.91111111111111,8,1,1
1641,6,14.857142857142858,6,1,0
1642,8,14.655555555555557,8,1,0
1643,6,11.0,6,1,0
1644,1,11.0,6,1,0
1645,0,0.0,0,1,0
1646,11,14.5,11,1,0
1647,8,14.3875,8,1,1
1648,7,12.142857142857142,8,1,0
1649,7,14.36,8,1,1
1650,7,14.514285714285714,8,1,0
1651,7,14.7,8,1,0
1652,5,14.0,5,1,0
1653,8,15.0625,8,1,1
1654,0,0.0,6,1,0
1655,5,12.6,5,1,0
1656,5,13.0,5,1,0
1657,2,10.5,5,1,0
1658,0,0.0,0,1,1
1659,0,0.0,0,1,0
1660,7,14.142857142857142,9,1,0
1661,6,15.666666666666666,6,1,0
1662,8,15.7425,8,1,0
1663,8,15.075,8,1,1
1664,4,11.75,5,1,0
1665,5,15.0,6,1,0
1666,6,12.333333333333334,6,1,1
1667,8,13.76125,8,1,0
1668,5,10.0,9,0,0
1669,5,13.0,6,1,1
1670,4,11.0,5,1,0
1671,6,14.0,6,1,0
1672,4,12.0,6,0,0
1673,8,14.077777777777778,8,1,0
1674,6,12.766666666666666,7,1,0
1675,0,0.0,6,0,0
1676,0,0.0,7,1,0
1677,5,12.6,5,1,1
1678,5,13.4,5,1,0
1679,0,0.0,7,1,0
1680,2,14.0,5,1,0
1681,3,12.666666666666666,6,1,0
1682,5,11.6,5,1,0
1683,4,12.75,5,1,0
1684,5,13.0,6,1,0
1685,6,15.0,6,1,0
1686,5,12.285714285714286,5,1,0
1687,0,0.0,5,0,0
1688,0,0.0,0,1,0
1689,0,0.0,0,1,0
1690,0,0.0,5,1,0
1691,0,0.0,6,0,0
1692,8,14.022222222222222,8,1,1
1693,4,12.4,5,1,0
1694,0,0.0,5,1,0
1695,6,13.285714285714286,6,1,1
1696,6,12.166666666666666,6,1,0
1697,0,0.0,5,1,0
1698,0,0.0,8,1,0
1700,8,15.63375,8,1,1
1701,6,14.5,6,1,0
1702,0,0.0,6,1,0
1703,6,11.5,6,1,0
1704,6,13.0,6,1,1
1705,3,11.0,5,1,0
1706,0,0.0,0,1,0
1707,4,12.25,5,1,0
1708,4,13.125,7,1,0
1709,6,12.45,7,1,0
1710,7,12.0,7,1,0
1711,8,13.38125,8,1,1
1712,5,11.34,6,0,0
1713,2,11.5,6,0,0
1714,6,12.166666666666666,6,1,1
1715,8,13.3425,8,1,0
1716,6,13.03125,8,1,1
1717,1,10.0,8,1,1
1718,2,14.5,5,1,0
1719,0,0.0,5,1,0
1720,5,12.142857142857142,5,1,0
1721,5,11.4,6,1,1
1722,12,15.428571428571429,12,1,0
1723,5,12.4,6,1,1
1724,17,12.666666666666666,17,1,0
1725,4,12.0,5,1,0
1726,13,13.357142857142858,13,1,1
1727,4,10.75,6,1,1
1728,0,0.0,6,0,0
1729,13,12.846153846153848,13,1,0
1730,5,12.8,5,1,0
1731,3,12.0,5,0,0
1732,2,12.5,5,1,0
1733,9,11.0,11,1,0
1734,3,11.428571428571429,5,0,0
1735,8,13.125,9,1,0
1737,7,13.75,8,1,0
1738,6,13.833333333333334,6,1,0
1739,0,0.0,6,0,0
1740,3,12.666666666666666,6,1,0
1741,2,12.0,6,1,0
1742,5,13.333333333333334,6,1,0
1743,2,10.0,6,0,0
1744,0,0.0,6,0,0
1745,3,10.0,6,1,0
1746,4,11.5,6,0,0
1747,0,0.0,6,0,0
1748,0,0.0,6,0,0
1749,10,12.4,15,1,0
1750,4,12.25,8,1,0
1751,0,0.0,0,1,1
1752,4,12.0,6,1,0
1753,2,10.5,5,1,0
1754,0,0.0,5,0,0
1755,5,14.2,5,0,1
1756,10,12.272727272727272,11,1,0
1757,0,0.0,6,0,0
1758,6,15.0,6,1,0
1759,7,12.6,8,1,1
1760,6,11.833333333333334,6,1,0
1761,0,0.0,0,1,1
1762,6,16.5,6,1,0
1763,4,11.25,5,1,0
1764,9,12.6,9,1,1
1765,0,0.0,5,1,0
1766,1,14.0,7,0,0
1767,6,13.666666666666666,6,0,0
1768,0,0.0,8,1,0
1769,3,10.333333333333334,8,1,0
1770,5,12.0,6,1,1
1771,4,10.0,5,1,0
1772,6,14.428571428571429,6,1,1
1773,4,12.0,6,1,0
1774,3,10.0,6,1,0
1775,0,0.0,4,0,0
1776,7,11.428571428571429,7,1,0
1777,5,12.0,5,1,0
1778,4,11.0,5,1,0
1779,8,14.5,8,1,0
1780,5,12.25,6,1,0
1781,6,11.166666666666666,6,1,1
1782,7,15.57,8,1,0
1783,2,12.0,5,1,0
1784,8,15.91111111111111,8,1,0
1785,4,11.5,5,1,0
1786,0,0.0,6,1,0
1787,4,13.75,5,1,0
1788,0,0.0,6,1,0
1789,6,11.333333333333334,6,1,1
1790,7,13.075714285714286,8,1,0
1791,0,0.0,5,1,0
1792,2,13.5,5,1,0
1793,0,0.0,6,1,0
1794,6,12.333333333333334,7,1,0
1795,7,13.512857142857142,8,1,1
1796,6,12.166666666666666,6,1,1
1797,3,11.666666666666666,5,1,1
1798,3,13.333333333333334,6,0,0
1799,0,0.0,6,0,0
1800,5,12.288,8,1,0
1801,7,13.285714285714286,10,1,0
1802,5,12.8,5,1,1
1803,4,11.142857142857142,6,1,0
1804,0,0.0,5,0,0
1805,0,0.0,5,1,0
1806,3,11.5,5,1,1
1807,0,0.0,6,1,0
1808,4,12.0,5,0,1
1809,5,13.0,5,1,0
1810,6,12.833333333333334,6,1,0
1811,8,13.544444444444444,8,1,1
1812,5,12.6,7,1,0
1813,5,11.5,5,1,0
1814,0,0.0,6,1,0
1815,6,13.727272727272728,6,1,0
1816,13,12.0,14,1,0
1817,6,12.5,6,1,0
1818,0,0.0,6,0,0
1819,8,14.75,8,1,0
1820,3,11.666666666666666,6,0,0
1821,5,11.1,7,1,1
1822,0,0.0,5,1,0
1823,2,10.5,6,1,0
1824,6,12.666666666666666,6,1,0
1825,6,14.166666666666666,6,1,0
1826,6,14.333333333333334,6,1,1
1827,2,10.5,5,1,0
1828,0,0.0,7,0,0
1829,5,12.0,5,1,1
1830,4,11.5,6,1,0
1831,5,14.0,6,1,1
1834,8,14.864444444444445,8,1,1
1835,6,11.5,6,1,1
1836,7,12.142857142857142,7,1,0
1837,5,12.16,7,1,0
1838,8,13.427499999999998,8,1,0
1839,2,15.5,6,1,0
1840,0,0.0,6,1,0
1841,0,0.0,5,1,0
1842,3,11.0,5,1,1
1843,5,11.4,5,1,0
1844,8,12.36111111111111,8,1,0
1845,2,13.0,6,1,0
1846,4,12.25,6,1,0
1847,2,10.0,5,1,0
1848,8,12.68888888888889,8,1,0
1849,4,11.0,6,1,0
1850,0,0.0,8,0,0
1851,5,14.8,5,1,0
1852,5,11.8,5,1,0
1853,6,14.666666666666666,6,1,0
1854,2,10.5,5,0,0
1855,0,0.0,6,0,0
1856,6,12.875,6,0,1
1857,5,12.4,6,0,0
1858,6,12.333333333333334,6,1,0
1859,2,12.5,5,1,0
1860,0,0.0,5,1,0
1861,1,11.0,5,1,0
1862,0,0.0,6,0,0
1863,6,13.166666666666666,6,1,0
1864,0,0.0,5,1,1
1865,5,12.4,5,1,0
1866,0,0.0,5,0,0
1867,0,0.0,5,0,0
1868,11,14.333333333333334,11,1,1
1869,3,12.666666666666666,6,1,0
1870,0,0.0,5,0,0
1871,0,0.0,7,1,1
1872,9,15.011111111111113,10,1,0
1873,0,0.0,5,1,0
1874,4,12.75,6,1,1
1875,6,13.3,7,1,0
1876,0,0.0,7,1,0
1877,0,0.0,8,1,0
1878,0,0.0,0,0,1
1879,7,13.55714285714286,8,1,0
1880,6,14.636363636363637,6,1,0
1881,3,10.333333333333334,6,1,0
1882,0,0.0,6,1,0
1883,0,0.0,0,1,0
1884,3,11.725,7,1,0
1885,6,12.183333333333332,7,1,0
1886,4,11.0,8,0,0
1887,0,0.0,4,0,0
1888,5,14.333333333333334,6,1,0
1889,0,0.0,0,1,0
1890,0,0.0,0,1,0
1891,8,13.435,8,1,1
1892,0,0.0,5,1,0
1893,0,0.0,0,1,0
1894,17,12.176470588235292,17,1,0
1895,3,11.0,6,1,0
1896,2,11.5,6,1,0
1897,4,11.5,6,0,0
1898,0,0.0,0,1,0
1899,8,14.0,9,1,0
1900,6,12.666666666666666,6,1,0
1902,6,14.0,6,1,0
1903,6,13.116666666666667,7,1,0
1904,6,11.666666666666666,6,1,0
1905,6,14.166666666666666,6,1,1
1906,8,15.6625,8,1,0
1907,7,12.944285714285714,8,1,0
1908,5,11.0,6,1,0
1909,6,14.266666666666666,7,1,0
1910,5,14.0,6,1,0
1911,8,12.48375,8,1,0
1912,8,15.3125,8,1,0
1913,0,0.0,6,0,0
1914,5,12.2,6,1,0
1915,6,13.45,7,1,0
1916,6,12.6,7,1,1
1917,8,12.9375,8,1,0
1918,5,12.8,6,1,1
1919,5,14.6,6,1,0
1920,2,13.5,6,1,0
1921,6,14.0,6,1,0
1922,3,10.0,6,1,0
1923,4,12.5,5,1,0
1924,0,0.0,6,1,1
1925,5,14.0,6,1,0
1926,5,12.714285714285714,5,1,1
1927,6,12.5,6,1,1
1928,5,13.0,6,0,1
1929,8,15.11111111111111,8,1,1
1930,8,13.21875,8,1,0
1931,6,12.333333333333334,6,1,0
1932,4,11.25,6,1,0
1933,8,13.3675,8,1,1
1934,7,12.825714285714286,8,1,1
1935,8,13.8875,8,1,0
1936,4,12.8,6,1,0
1937,6,13.683333333333332,7,1,0
1938,1,12.0,6,1,0
1939,5,11.2,6,1,0
1940,6,12.166666666666666,6,1,1
1941,6,13.166666666666666,6,1,0
1942,6,14.5,6,1,1
1943,5,11.4,6,1,0
1944,6,13.142857142857142,6,1,1
1945,8,14.9625,8,1,0
1946,8,14.035,8,1,0
1947,3,14.0,5,1,0
1948,6,13.333333333333334,6,1,1
1949,7,12.33,8,1,0
1950,0,0.0,6,1,0
1951,0,0.0,6,1,0
1952,0,0.0,0,0,0
1953,6,12.0,6,1,1
1954,5,12.46,8,1,0
1955,6,13.166666666666666,7,1,0
1956,2,11.5,6,1,0
1957,7,14.805714285714286,8,1,0
1958,6,11.714285714285714,6,1,0
1959,6,13.0,9,0,0
1960,6,12.666666666666666,6,1,1
1962,5,13.8,6,1,1
1963,8,13.7125,8,1,1
1964,3,10.333333333333334,5,1,0
1965,12,13.461538461538462,12,1,0
1966,3,13.0,5,1,0
1967,5,11.6,5,1,0
1968,3,10.666666666666666,6,1,0
1969,5,15.4,6,1,0
1970,3,11.0,10,1,0
1971,6,12.142857142857142,6,1,1
1972,5,13.125,6,1,1
1973,5,12.2,5,1,1
1974,8,13.244444444444444,8,1,0
1975,10,11.4,11,1,0
1976,7,12.62142857142857,7,1,0
1978,3,13.0,6,1,0
1979,6,14.5,6,1,1
1980,5,13.0,5,1,1
1981,6,11.833333333333334,6,1,1
1982,5,13.285714285714286,5,1,1
1983,6,13.966666666666669,7,1,0
1984,8,14.14125,8,1,1
1985,4,11.75,6,1,1
1986,8,14.6625,8,1,1
1987,0,0.0,5,1,0
1988,8,12.66875,8,1,1
1989,5,12.2,6,1,0
1990,5,12.8,6,1,0
1991,0,0.0,0,1,0
1992,4,11.75,6,1,0
1993,5,11.8,5,1,0
1994,0,0.0,6,1,1
1995,6,11.666666666666666,6,1,0
1996,6,13.1,6,1,0
1997,6,13.333333333333334,6,1,0
1998,0,0.0,6,1,0
1999,13,11.384615384615383,13,0,0
2000,3,10.333333333333334,6,0,0
2001,0,0.0,6,1,1
2002,5,12.6,6,1,0
2003,4,12.0,6,1,1
2004,0,0.0,5,0,0
2005,5,13.2,5,1,0
2006,6,14.166666666666666,6,1,0
2007,6,12.0,6,1,1
2008,0,0.0,0,1,0
2009,0,0.0,6,1,0
2010,6,12.666666666666666,7,1,1
2011,5,12.4,5,1,0
2012,5,10.6,6,1,0
2013,0,0.0,5,0,0
2014,0,0.0,6,0,0
2015,6,13.285714285714286,6,1,0
2016,5,12.2,6,1,0
2017,8,14.22222222222222,8,1,0
2018,5,13.0,6,1,0
2019,6,13.833333333333334,6,1,1
2020,0,0.0,6,0,0
2021,0,0.0,6,0,0
2022,0,0.0,0,1,0
2023,6,12.285714285714286,6,1,0
2024,4,11.75,5,1,0
2025,7,12.9125,8,1,0
2026,0,0.0,0,1,0
2027,0,0.0,0,1,0
2028,6,12.966666666666669,7,1,1
2029,6,13.666666666666666,6,1,0
2030,8,14.36875,8,1,0
2032,4,12.25,6,1,0
2033,0,0.0,5,1,0
2034,6,14.166666666666666,6,1,1
2035,4,14.375,7,1,0
2036,1,10.0,5,1,0
2037,2,12.0,5,1,0
2038,4,11.5,5,1,0
2039,6,11.666666666666666,6,1,1
2040,2,11.0,6,0,0
2041,10,11.6,10,1,0
2043,6,12.166666666666666,6,1,0
2044,4,12.8,6,1,0
2045,7,12.842857142857143,8,1,0
2046,0,0.0,8,1,0
2047,4,11.225,7,1,0
2048,8,15.125,8,1,0
2049,7,13.44285714285714,8,1,0
2050,5,10.833333333333334,6,1,0
2051,6,12.285714285714286,6,1,1
2052,0,0.0,1,1,0
2053,6,13.066666666666668,7,1,0
2054,8,14.0625,8,1,1
2055,6,13.5,6,1,1
2056,11,12.636363636363637,11,1,1
2057,2,12.0,6,1,0
2058,4,11.25,5,1,1
2059,5,12.0,6,0,0
2060,8,13.666666666666666,8,1,1
2061,8,13.3875,8,1,1
2062,7,13.328571428571427,8,1,0
2063,5,11.0,6,1,0
2064,5,13.2,5,1,0
2065,6,15.0,6,1,1
2066,6,12.666666666666666,6,1,1
2067,6,12.5,6,1,1
2068,5,11.0,6,1,0
2069,3,12.333333333333334,5,0,0
2070,6,11.77777777777778,6,1,0
2071,6,12.916666666666666,7,1,0
2072,5,13.8,6,1,0
2073,5,13.8,5,1,1
2074,6,13.666666666666666,6,1,1
2075,6,15.0,6,1,1
2076,6,12.333333333333334,6,1,0
2077,8,14.3775,8,1,0
2078,7,13.042857142857144,8,1,0
2079,6,14.15,7,1,1
2080,7,12.471428571428572,8,1,1
2081,6,14.15,7,1,0
2082,8,14.0475,8,1,0
2083,6,14.666666666666666,6,1,0
2084,6,13.166666666666666,6,1,1
2085,0,0.0,4,0,0
2086,0,0.0,6,1,0
2087,5,15.166666666666666,6,1,0
2088,6,12.633333333333333,7,1,1
2089,5,12.6,5,0,0
2090,6,14.233333333333334,7,1,0
2091,3,11.333333333333334,5,1,0
2092,7,15.7,8,1,0
2093,6,15.2,7,1,0
2094,5,15.6,6,0,0
2095,12,12.857142857142858,12,1,0
2096,0,0.0,8,1,0
2097,6,12.0,6,1,0
2098,8,13.78125,8,1,1
2099,5,11.666666666666666,6,1,0
2100,5,11.833333333333334,6,1,0
2101,4,12.0,6,1,0
2102,8,14.28625,8,1,1
2103,3,10.666666666666666,6,0,0
2104,6,14.428571428571429,6,1,1
2105,2,13.4,7,1,1
2106,4,12.5,6,1,0
2107,5,13.2,6,1,0
2108,3,11.8,5,1,0
2109,5,13.0,6,1,0
2110,3,15.333333333333334,5,1,0
2111,6,14.333333333333334,6,1,1
2112,8,16.8,8,1,0
2113,6,11.857142857142858,6,1,0
2114,4,11.25,6,1,0
2115,0,0.0,6,1,0
2116,6,12.0,6,1,0
2117,8,12.82875,8,1,0
2118,5,14.4,6,1,0
2119,0,0.0,0,1,0
2120,0,0.0,6,0,1
2121,4,12.4,5,1,0
2122,5,11.6,5,1,1
2123,0,0.0,6,1,0
2124,0,0.0,0,1,0
2126,8,13.744444444444444,8,1,1
2127,6,12.758333333333333,8,0,0
2128,0,0.0,0,1,1
2129,6,13.25,6,1,0
2130,4,12.75,6,1,0
2131,6,12.0,6,1,1
2132,5,12.2,5,1,0
2133,8,13.05,8,1,1
2134,7,13.614285714285714,8,1,0
2135,0,0.0,6,1,0
2137,6,12.5,6,1,0
2138,8,14.4375,8,1,1
2139,2,11.5,5,0,1
2140,7,12.728571428571428,8,1,0
2141,5,11.285714285714286,5,1,0
2142,6,13.285714285714286,6,1,0
2143,0,0.0,0,1,0
2144,6,13.666666666666666,6,1,0
2145,5,14.166666666666666,6,0,0
2146,6,12.833333333333334,6,1,1
2147,4,12.5,6,1,0
2148,5,14.8,5,1,0
2149,6,14.428571428571429,6,1,1
2150,7,13.285714285714286,7,1,0
2151,5,12.333333333333334,6,1,0
2152,8,13.125555555555556,8,1,0
2153,9,13.0,11,1,0
2154,6,15.142857142857142,6,1,0
2155,8,15.092,8,1,1
2156,0,0.0,0,1,0
2157,6,13.142857142857142,6,1,0
2158,5,14.333333333333334,6,1,0
2159,3,10.333333333333334,6,1,1
2160,7,14.565714285714288,8,1,1
2161,4,10.75,5,0,0
2162,0,0.0,5,1,0
2163,7,13.775,8,1,0
2164,6,15.333333333333334,6,1,0
2165,6,13.833333333333334,6,1,0
2166,7,14.962857142857144,8,1,1
2167,5,11.2,5,1,0
2168,8,12.8,8,1,0
2169,6,17.166666666666668,6,1,0
2170,7,13.714285714285714,8,1,0
2171,6,12.166666666666666,6,1,0
2172,3,11.0,6,1,0
2173,0,0.0,5,0,0
2174,11,12.75,11,1,1
2175,0,0.0,0,1,0
2176,6,14.166666666666666,6,1,0
2177,2,10.5,6,1,0
2178,8,14.772727272727272,8,1,0
2179,6,12.714285714285714,6,1,0
2180,0,0.0,0,1,0
2181,6,10.5,6,1,1
2182,8,13.063636363636364,8,1,1
2183,10,12.9,12,1,0
2184,2,10.5,6,1,0
2185,3,12.333333333333334,6,1,1
2186,5,11.142857142857142,6,1,1
2187,8,13.40375,8,1,1
2188,3,12.666666666666666,6,1,1
2189,6,12.333333333333334,6,1,0
2190,0,0.0,0,1,1
2191,0,0.0,8,1,0
2192,4,16.0,6,0,0
2193,3,11.0,5,1,0
2194,0,0.0,0,1,1
2195,6,12.285714285714286,6,1,1
2196,4,12.25,5,1,0
2197,4,10.333333333333334,6,1,0
2198,2,10.0,5,1,0
2199,0,0.0,7,1,0
2200,0,0.0,6,0,0
2201,2,12.6,8,1,0
2202,4,12.5,6,1,0
2203,0,0.0,0,1,0
2204,5,11.8,6,1,0
2205,6,14.125,6,1,1
2206,0,0.0,5,0,0
2207,3,13.333333333333334,5,1,0
2208,3,10.571428571428571,5,1,1
2209,0,0.0,6,0,0
2210,7,13.1,8,1,0
2211,6,13.166666666666666,6,1,0
2212,3,12.0,5,1,0
2213,3,13.0,6,1,0
2214,6,15.166666666666666,6,1,0
2216,4,13.6,7,1,0
2217,3,11.0,5,1,0
2218,6,13.5,6,1,0
2219,6,14.666666666666666,6,1,0
2220,7,12.742857142857144,8,1,0
2221,7,13.12857142857143,8,1,0
2222,3,11.666666666666666,5,1,0
2223,0,0.0,0,0,0
2224,7,14.935714285714283,8,1,1
2225,4,10.0,6,1,0
2226,5,13.0,6,1,0
2227,0,0.0,6,1,0
2228,4,14.0,6,1,0
2229,4,10.75,6,1,0
2230,0,0.0,0,1,0
2231,0,0.0,0,1,0
2232,0,0.0,5,1,0
2233,3,11.666666666666666,6,1,0
2234,4,12.0,6,1,1
2235,0,0.0,0,1,1
2236,2,13.0,6,1,0
2237,0,0.0,6,0,0
2238,3,11.333333333333334,6,1,0
2239,0,0.0,6,0,0
2240,5,12.2,6,1,0
2241,3,11.333333333333334,5,1,0
2242,2,10.5,5,1,0
2243,8,13.90625,8,1,1
2244,1,10.0,6,1,0
2245,6,13.666666666666666,6,1,0
2246,6,12.416666666666666,7,1,1
2248,0,0.0,5,0,0
2249,4,13.25,5,1,0
2250,2,14.0,6,1,0
2251,7,12.25,11,1,0
2252,5,14.4,11,1,0
2253,0,0.0,5,0,0
2254,0,0.0,5,0,0
2255,5,14.333333333333334,6,1,0
2256,12,12.25,16,0,0
2257,2,11.5,6,1,0
2258,3,12.666666666666666,6,1,0
2259,6,13.166666666666666,6,1,0
2260,6,12.714285714285714,6,1,1
2261,2,11.5,5,1,0
2262,0,0.0,6,1,0
2263,10,15.0,10,0,0
2264,5,11.8,6,1,0
2265,4,14.8,6,0,0
2266,1,13.0,6,1,0
2267,0,0.0,5,1,0
2268,3,10.666666666666666,7,1,0
2269,0,0.0,5,1,0
2270,0,0.0,5,0,0
2271,5,12.8,6,1,1
2272,5,11.142857142857142,5,1,0
2273,0,0.0,6,1,0
2274,0,0.0,0,1,0
2275,2,10.5,5,0,0
2276,6,14.428571428571429,6,1,0
2277,4,12.75,6,1,0
2278,3,11.0,6,1,0
2279,0,0.0,6,1,0
2280,12,12.307692307692308,12,1,0
2281,4,10.5,6,1,0
2282,5,10.0,6,0,0
2283,10,11.8,10,1,0
2284,4,11.5,6,1,0
2285,0,0.0,5,0,0
2286,5,13.4,5,1,0
2287,6,14.428571428571429,6,1,1
2288,2,11.5,5,1,0
2289,0,0.0,5,1,0
2290,2,13.5,6,1,0
2291,5,11.0,6,1,0
2292,3,11.333333333333334,5,1,0
2293,6,13.333333333333334,6,1,0
2294,0,0.0,0,0,0
2295,6,13.428571428571429,6,1,0
2296,1,10.0,5,1,0
2297,5,11.0,6,1,0
2298,6,11.0,6,1,0
2299,0,0.0,6,0,0
2300,1,14.0,6,1,0
2301,5,10.8,6,1,0
2302,2,11.0,5,1,1
2303,5,14.714285714285714,5,1,0
2304,0,0.0,5,1,0
2305,6,12.166666666666666,6,1,1
2306,0,0.0,5,0,0
2307,0,0.0,4,1,0
2308,0,0.0,8,1,0
2309,5,14.2,5,1,1
2310,6,14.0,6,1,1
2311,8,12.4875,8,1,0
2312,0,0.0,5,1,1
2313,5,14.6,5,1,0
2314,6,12.166666666666666,6,1,0
2315,5,15.6,5,1,0
2316,2,16.0,5,0,0
2317,0,0.0,5,1,0
2318,0,0.0,6,1,0
2319,6,14.714285714285714,6,1,0
2320,0,0.0,6,1,0
2321,4,16.5,6,1,0
2322,1,13.0,5,1,0
2323,7,14.085714285714284,7,1,0
2324,6,10.5,6,1,0
2325,0,0.0,5,1,0
2326,1,10.0,5,1,0
2327,3,10.666666666666666,5,0,0
2328,0,0.0,0,1,1
2329,0,0.0,6,0,1
2330,0,0.0,5,1,0
2331,0,0.0,6,1,0
2332,5,12.4,6,1,0
2333,0,0.0,0,1,1
2334,6,14.333333333333334,6,1,1
2335,6,11.166666666666666,6,1,1
2336,5,11.2,8,1,0
2337,0,0.0,6,1,0
2338,3,13.333333333333334,6,1,0
2339,5,13.714285714285714,5,1,0
2340,0,0.0,6,0,0
2341,3,14.666666666666666,5,1,0
2342,12,11.5,13,1,0
2343,5,13.0,5,1,0
2344,8,11.50625,9,1,0
2345,7,13.75,9,1,1
2346,4,13.25,6,1,0
2347,5,15.285714285714286,5,1,0
2348,0,0.0,6,1,1
2349,6,11.5,6,1,0
2350,7,13.614285714285714,8,1,0
2351,10,14.3,12,1,0
2352,5,14.2,5,1,0
2353,5,11.8,6,1,1
2354,0,0.0,6,1,0
2355,6,14.285714285714286,6,1,0
2356,0,0.0,0,1,0
2357,4,11.875,6,1,0
2358,6,14.6,6,1,0
2359,2,10.5,6,1,0
2360,1,11.0,5,1,0
2361,0,0.0,5,1,0
2362,5,12.8,5,1,0
2363,2,11.666666666666666,5,1,0
2364,4,12.5,6,1,1
2365,6,14.5,6,1,0
2366,11,11.909090909090908,17,1,0
2367,6,13.666666666666666,6,1,0
2368,5,13.8,6,0,0
2369,3,13.333333333333334,5,1,0
2370,5,11.77777777777778,6,1,0
2371,0,0.0,0,1,1
2372,0,0.0,0,1,0
2373,6,12.0,6,1,0
2374,3,12.0,5,1,0
2375,5,11.0,6,0,0
2376,4,14.75,5,1,1
2377,0,0.0,5,0,0
2378,3,11.333333333333334,8,0,0
2379,6,12.5,6,1,1
2380,6,12.857142857142858,6,1,1
2381,6,12.333333333333334,6,1,1
2382,5,15.142857142857142,5,1,0
2383,9,11.444444444444445,12,1,0
2384,0,0.0,5,1,0
2385,6,11.333333333333334,6,1,0
2386,3,10.666666666666666,6,1,0
2387,0,0.0,0,0,0
2388,2,12.5,5,1,1
2389,0,0.0,5,1,0
2390,4,12.0,7,0,0
2391,10,11.6,13,1,0
2392,3,12.333333333333334,5,1,0
2393,0,0.0,6,1,0
2394,5,11.5,5,1,1
2395,3,12.333333333333334,6,1,0
2396,0,0.0,6,1,0
2397,5,12.4,6,1,0
2398,6,14.571428571428571,6,1,0
2399,8,11.7125,8,1,0
2400,4,11.0,8,1,0
2401,5,12.8,5,1,0
2402,3,11.0,5,0,0
2403,7,15.885714285714286,8,1,0
2404,4,11.58,7,0,0
2405,6,14.166666666666666,6,0,0
2406,0,0.0,0,1,0
2408,0,0.0,5,1,0
2409,3,11.0,5,1,0
2410,0,0.0,5,1,0
2411,0,0.0,6,0,0
2412,4,12.5,5,1,0
2413,3,10.666666666666666,6,1,0
2414,10,11.181818181818182,10,1,0
2415,0,0.0,5,1,0
2416,4,11.25,6,1,1
2417,14,11.357142857142858,14,1,0
2418,11,12.666666666666666,11,0,1
2419,5,13.4,6,1,0
2420,0,0.0,6,1,0
2421,0,0.0,5,1,0
2422,5,12.2,6,1,0
2423,0,0.0,4,1,0
2424,0,0.0,2,1,0
2425,0,0.0,5,0,0
2426,0,0.0,5,0,0
2427,5,11.6,5,1,1
2428,6,10.857142857142858,7,1,0
2429,5,13.0,8,1,0
2430,5,12.6,6,1,1
2431,5,16.0,5,1,1
2432,6,12.666666666666666,6,1,1
2433,3,13.0,5,1,0
2434,3,11.666666666666666,5,1,0
2435,5,12.6,5,1,0
2436,12,12.083333333333334,12,1,0
2437,3,12.5,6,1,1
2438,10,12.7,12,0,0
2439,0,0.0,5,1,0
2440,0,0.0,5,0,0
2441,3,11.0,6,1,0
2442,1,10.0,5,1,0
2443,12,17.692307692307693,12,1,0
2444,0,0.0,6,1,0
2445,4,12.6,7,1,0
2446,5,16.2,5,1,0
2448,0,0.0,5,0,0
2449,5,12.8,5,1,0
2450,0,0.0,0,0,0
2451,0,0.0,6,0,0
2452,4,12.0,5,1,0
2453,11,13.083333333333334,11,1,0
2454,0,0.0,5,1,1
2455,6,15.3,6,1,0
2456,6,13.5,6,1,0
2457,1,13.0,5,1,0
2458,0,0.0,5,1,0
2459,5,13.2,5,1,0
2460,0,0.0,6,1,0
2461,0,0.0,6,1,0
2462,0,0.0,0,1,0
2463,0,0.0,6,1,1
2464,4,11.8,5,0,0
2465,0,0.0,6,1,0
2466,1,16.0,5,1,0
2467,6,12.3,6,1,1
2468,3,12.666666666666666,9,1,0
2469,0,0.0,5,1,0
2470,2,11.0,6,1,0
2471,0,0.0,5,0,0
2472,3,10.333333333333334,6,1,0
2473,0,0.0,6,0,0
2474,6,15.0,6,1,0
2475,0,0.0,5,0,0
2477,5,12.2,6,1,0
2478,7,11.347142857142858,8,1,0
2479,3,11.333333333333334,5,1,0
2480,0,0.0,0,1,0
2481,5,12.4,6,1,1
2482,5,14.833333333333334,5,1,0
2483,11,12.181818181818182,12,1,0
2484,5,14.8,5,1,0
2485,1,12.0,7,0,0
2486,0,0.0,6,1,0
2487,0,0.0,5,1,0
2488,2,12.5,5,1,0
2489,6,12.5,6,1,1
2490,4,10.25,6,1,0
2491,2,13.5,5,1,0
2492,7,10.428571428571429,10,0,0
2493,5,12.5,6,1,0
2494,6,14.0,6,1,1
2495,6,13.666666666666666,6,1,0
2496,0,0.0,0,1,1
2497,6,12.5,6,1,0
2498,0,0.0,0,1,1
2499,1,15.0,6,1,0
2501,6,13.333333333333334,6,1,0
2502,14,11.642857142857142,14,1,0
2503,7,13.071428571428571,8,1,1
2504,0,0.0,6,1,0
2505,7,13.585714285714284,8,1,1
2506,8,11.425,8,1,0
2507,5,12.0,6,1,1
2508,0,0.0,0,1,1
2509,13,13.615384615384617,13,1,0
2510,0,0.0,6,0,0
2511,5,12.419999999999998,7,1,0
2512,8,13.0625,8,1,0
2513,6,12.0,6,1,0
2514,5,12.8,6,1,0
2516,4,12.0,6,1,1
2517,7,12.214285714285714,8,1,1
2518,6,13.0,6,1,1
2519,6,13.5,6,1,1
2520,6,13.0,6,1,1
2521,6,11.166666666666666,6,1,0
2522,7,13.085714285714284,8,1,1
2523,0,0.0,6,1,0
2524,0,0.0,6,1,1
2525,3,11.0,6,1,0
2526,6,12.833333333333334,6,1,1
2527,8,13.65625,8,1,1
2528,6,14.285714285714286,6,1,0
2529,4,12.625,5,1,1
2530,6,12.333333333333334,6,1,0
2531,6,13.2,6,1,1
2532,6,11.0,6,1,1
2533,6,13.0,6,1,1
2534,6,13.142857142857142,6,1,1
2535,4,10.75,6,1,0
2536,5,15.142857142857142,5,1,0
2537,6,15.833333333333334,6,1,0
2539,5,12.4,5,1,1
2540,0,0.0,5,1,0
2541,0,0.0,6,1,1
2542,8,14.75,8,1,1
2543,0,0.0,6,1,0
2544,4,11.5,6,1,0
2545,6,14.333333333333334,6,1,0
2546,6,11.833333333333334,6,1,0
2547,8,13.2325,8,1,0
2548,6,14.166666666666666,6,1,1
2549,0,0.0,6,1,1
2551,6,14.333333333333334,6,1,1
2552,6,11.5,6,1,0
2553,0,0.0,5,1,0
2554,3,11.333333333333334,5,1,0
2555,2,10.5,5,1,0
2556,5,11.4,5,1,0
2557,0,0.0,0,1,0
2558,2,10.666666666666666,5,1,0
2559,6,13.5,6,1,0
2560,5,12.6,6,1,0
2561,8,13.07375,8,1,0
2562,0,0.0,7,1,0
2563,0,0.0,5,1,0
2564,6,13.333333333333334,6,1,1
2565,6,13.428571428571429,6,1,0
2566,8,14.788888888888888,8,1,1
2567,5,11.2,6,1,0
2568,5,12.2,5,1,0
2569,6,14.666666666666666,6,1,1
2570,8,14.4025,8,1,0
2571,8,16.3875,8,1,0
2572,6,14.166666666666666,6,1,0
2573,6,14.983333333333334,7,1,0
2574,6,13.0,6,1,1
2575,7,14.142857142857142,7,1,0
2576,3,11.0,6,1,0
2577,1,10.0,6,1,0
2578,6,13.983333333333334,7,1,0
2579,6,12.833333333333334,6,1,0
2580,6,13.0,6,1,1
2581,0,0.0,6,0,0
2582,5,15.4,5,1,0
2583,4,11.25,5,1,0
2584,6,13.666666666666666,6,1,0
2585,6,12.0,6,1,0
2586,3,12.666666666666666,5,1,0
2587,1,11.0,5,1,0
2588,2,10.5,6,1,0
2589,5,12.2,6,1,0
2590,0,0.0,6,1,0
2591,6,13.166666666666666,7,0,0
2592,10,11.615384615384617,10,1,0
2593,8,11.675,8,1,0
2594,1,12.0,5,1,0
2595,6,12.166666666666666,6,1,1
2596,5,12.2,6,1,0
2597,0,0.0,0,1,1
2598,4,12.0,5,1,0
2599,5,12.0,6,1,0
2600,5,12.8,6,1,1
2601,3,11.333333333333334,6,1,0
2602,6,12.833333333333334,6,1,0
2604,1,13.0,6,1,0
2605,5,12.0,5,1,0
2606,5,12.2,5,1,0
2607,6,13.142857142857142,6,1,0
2608,4,12.75,6,1,0
2609,2,10.0,7,1,0
2610,8,13.755555555555556,8,1,0
2611,4,12.25,6,1,0
2612,5,15.833333333333334,5,1,0
2613,0,0.0,5,1,0
2614,3,13.0,5,1,0
2615,4,13.0,6,0,0
2616,0,0.0,6,1,1
2617,5,12.8,6,1,1
2618,5,12.4,6,1,1
2619,6,12.571428571428571,6,1,1
2620,10,11.9,11,1,0
2621,6,11.833333333333334,6,1,1
2623,1,11.0,1,1,0
2624,6,12.0,6,1,0
2625,1,12.0,5,1,0
2626,8,14.38888888888889,8,1,0
2627,7,12.2,7,1,0
2628,4,11.75,5,1,1
2630,1,12.0,5,1,0
2631,0,0.0,6,1,0
2632,8,12.55375,8,1,0
2633,7,12.665714285714284,8,1,0
2634,4,13.0,6,1,0
2635,0,0.0,5,1,0
2636,0,0.0,6,0,0
2637,0,0.0,0,1,0
2638,5,12.2,5,1,0
2639,17,12.117647058823527,17,1,0
2640,0,0.0,5,1,0
2641,6,11.5,6,1,1
2642,0,0.0,6,1,0
2643,3,13.5,5,1,0
2644,5,13.833333333333334,6,1,0
2645,0,0.0,0,1,0
2646,7,12.142857142857142,8,1,0
2647,2,12.0,6,0,0
2648,2,13.5,11,1,0
2649,5,12.002,8,1,0
2650,8,13.22222222222222,8,1,0
2651,1,11.0,6,0,0
2652,6,14.166666666666666,6,1,1
2653,0,0.0,5,1,0
2654,7,13.867142857142856,8,1,0
2655,6,12.675,8,1,0
2656,0,0.0,0,1,0
2657,6,12.5,6,1,1
2658,0,0.0,0,1,0
2659,5,12.2,6,1,1
2660,4,11.333333333333334,5,1,0
2661,6,14.166666666666666,6,1,0
2662,4,11.575,7,0,0
2663,0,0.0,5,0,0
2664,5,14.166666666666666,5,1,0
2665,4,12.25,6,0,0
2666,6,13.125,6,1,0
2667,1,11.0,5,0,0
2668,7,11.635714285714286,8,1,0
2669,0,0.0,5,1,0
2670,5,11.285714285714286,5,1,0
2671,5,13.666666666666666,5,1,0
2672,1,11.0,6,1,0
2673,4,12.5,5,1,0
2674,6,11.555555555555555,6,1,1
2675,4,11.25,6,1,0
2676,2,13.15,8,1,0
2677,5,15.4,5,1,0
2678,0,0.0,6,1,0
2679,5,16.8,5,1,0
2680,12,12.52608695652174,14,1,0
2681,0,0.0,8,1,0
2682,1,10.0,5,0,0
2683,3,10.666666666666666,5,1,0
2684,0,0.0,6,1,0
2685,3,12.0,5,1,0
2686,3,10.0,5,1,0
2687,0,0.0,5,0,0
2688,0,0.0,5,1,0
2689,0,0.0,6,0,0
2690,2,11.0,5,1,0
2691,4,13.5,5,1,0
2692,4,11.6,5,1,1
2693,6,15.166666666666666,6,1,0
2694,6,11.5,6,1,1
2695,6,13.5,7,1,0
2696,0,0.0,6,0,0
2697,4,13.4,6,0,0
2698,8,12.75,9,1,0
2699,7,13.4,8,1,0
2700,0,0.0,0,1,0
2701,0,0.0,6,1,0
2702,0,0.0,5,1,0
2703,4,11.2,6,1,0
2704,0,0.0,5,1,0
2705,1,14.0,5,1,0
2706,5,13.4,5,1,0
2707,0,0.0,5,1,0
2708,6,14.125,6,1,0
2709,7,12.042857142857144,8,1,0
2710,6,15.666666666666666,6,1,0
2712,0,0.0,5,1,1
2713,5,12.8,6,1,0
2714,6,16.666666666666668,6,1,0
2715,7,13.207142857142856,8,1,1
2716,0,0.0,8,1,1
2717,6,14.0,6,1,0
2718,7,14.115714285714288,8,1,0
2719,6,13.11111111111111,6,1,1
2720,6,13.714285714285714,6,1,1
2721,4,11.75,5,1,0
2722,3,13.666666666666666,6,1,0
2723,2,12.0,5,1,1
2724,6,12.415,8,1,1
2725,2,10.5,5,1,0
2726,6,13.428571428571429,6,1,0
2727,7,14.312857142857142,8,1,1
2728,5,14.5,6,0,0
2729,5,13.4,5,1,0
2730,6,13.714285714285714,6,1,0
2731,6,12.142857142857142,6,1,0
2732,7,14.014285714285714,8,1,0
2733,3,13.333333333333334,6,1,0
2734,5,13.6,6,1,1
2735,6,15.4,7,1,0
2736,8,15.925,8,1,1
2737,4,11.0,6,1,0
2738,5,12.0,5,1,0
2739,5,13.6,5,1,1
2740,6,12.375,6,1,1
2741,6,12.0,6,1,0
2742,6,14.5,6,1,0
2743,6,14.571428571428571,6,1,1
2744,5,11.0,6,0,1
2745,6,13.142857142857142,6,1,0
2746,6,11.808333333333332,8,1,0
2747,0,0.0,6,0,0
2748,0,0.0,5,0,0
2749,5,11.6,5,1,0
2750,0,0.0,5,0,0
2751,6,13.5,6,1,1
2752,0,0.0,5,1,0
2753,10,12.8,10,1,1
2754,5,13.6,10,1,0
2755,9,11.88888888888889,11,1,0
2756,1,10.0,5,0,0
2757,0,0.0,6,1,0
2758,0,0.0,6,1,0
2759,4,12.0,6,1,0
2760,7,13.30625,8,1,0
2761,6,10.833333333333334,7,1,0
2762,3,11.666666666666666,6,1,1
2763,7,13.285714285714286,7,1,0
2764,3,11.25,5,1,0
2765,8,13.11,8,1,0
2766,7,14.414285714285716,8,1,0
2767,0,0.0,5,0,0
2768,5,12.2,5,1,0
2769,1,10.0,7,1,1
2770,8,13.3125,8,1,1
2771,8,13.045,8,1,0
2772,5,12.858,8,1,0
2773,8,14.2525,8,1,1
2774,7,11.242857142857142,7,1,1
2775,7,15.075714285714286,8,1,0
2776,0,0.0,0,1,1
2777,5,12.6,6,1,0
2778,12,13.214285714285714,12,1,0
2779,5,11.8,6,1,1
2780,8,13.122222222222222,8,1,1
2781,1,11.0,6,0,0
2782,2,11.0,6,1,0
2783,6,12.666666666666666,6,1,0
2784,6,12.375,6,1,1
2785,7,13.428571428571429,7,1,0
2786,1,12.0,6,1,0
2787,4,11.0,5,1,0
2788,0,0.0,6,0,0
2789,0,0.0,0,1,1
2790,1,11.0,5,0,0
2791,6,14.142857142857142,6,1,0
2792,7,11.571428571428571,7,1,0
2793,0,0.0,0,0,1
2794,0,0.0,5,1,0
2795,8,12.6875,8,1,0
2796,0,0.0,8,1,0
2797,5,14.0,6,1,0
2799,3,11.0,7,0,0
2800,6,16.0,6,1,0
2801,0,0.0,6,1,0
2802,6,15.166666666666666,6,1,1
2803,6,15.333333333333334,6,1,0
2804,6,11.666666666666666,6,1,1
2805,6,12.416666666666666,8,1,0
2806,6,12.0,6,1,1
2807,6,14.142857142857142,6,1,0
2808,6,12.666666666666666,6,1,1
2809,6,12.116666666666667,7,1,0
2810,6,12.833333333333334,6,1,1
2811,5,12.56,7,0,0
2812,8,14.23125,8,1,0
2813,4,11.25,6,1,1
2814,0,0.0,0,1,0
2815,6,11.714285714285714,6,1,1
2816,6,14.266666666666666,7,1,0
2817,4,13.857142857142858,5,1,1
2818,7,12.428571428571429,7,1,0
2819,3,11.0,6,1,0
2820,7,12.771428571428572,8,1,0
2822,6,13.571428571428571,6,1,1
2823,5,14.6,6,1,1
2824,5,13.7,7,1,0
2825,4,13.75,6,1,0
2826,5,13.4,6,1,1
2827,2,10.0,5,1,1
2828,6,12.833333333333334,6,1,0
2829,0,0.0,0,1,0
2830,4,11.6,5,1,0
2831,4,11.0,5,1,0
2832,6,12.833333333333334,6,0,0
2833,2,11.0,5,1,0
2834,5,13.6,6,1,0
2835,11,13.181818181818182,13,1,0
2836,0,0.0,5,1,0
2837,5,12.2,5,1,0
2838,0,0.0,5,0,0
2839,6,15.5,6,1,0
2840,2,11.333333333333334,6,1,1
2841,13,11.384615384615383,13,1,0
2842,5,12.857142857142858,6,1,1
2843,0,0.0,5,0,0
2844,3,11.0,5,1,0
2845,6,12.714285714285714,6,1,0
2846,0,0.0,2,1,0
2847,0,0.0,4,0,0
2848,10,11.1,13,1,0
2849,5,13.0,6,1,0
2850,0,0.0,6,0,0
2851,6,14.166666666666666,6,1,0
2852,11,10.727272727272728,11,1,0
2853,6,14.375,6,1,0
2854,0,0.0,8,1,0
2855,7,12.2375,7,1,1
2856,6,13.333333333333334,6,1,0
2857,0,0.0,0,1,1
2858,5,12.8,6,1,0
2859,4,12.5,6,1,0
2860,4,13.75,6,1,0
2861,5,11.6,5,1,0
2862,6,11.833333333333334,6,1,0
2863,19,12.105263157894736,19,1,0
2864,5,11.0,6,1,1
2865,5,16.6,5,1,0
2866,0,0.0,6,1,0
2867,4,14.75,6,1,0
2868,5,13.0,5,1,0
2869,5,14.4,5,1,0
2870,17,11.5,17,1,0
2871,0,0.0,8,1,0
2872,9,11.333333333333334,10,1,0
2873,13,12.384615384615383,15,1,0
2874,0,0.0,5,1,0
2875,12,11.666666666666666,13,1,0
2877,4,11.5,6,1,0
2878,8,11.875,13,1,0
2879,3,11.666666666666666,6,1,0
2880,4,11.25,6,1,1
2881,5,11.2,7,1,0
2882,2,12.0,5,1,0
2883,6,11.5,6,1,1
2884,12,15.23076923076923,12,1,0
2885,8,13.5,8,1,0
2886,5,13.2,5,1,0
2887,6,12.833333333333334,6,1,1
2888,6,11.857142857142858,6,1,1
2889,5,13.8,6,1,1
2890,6,12.5,6,1,0
2891,0,0.0,5,1,0
2892,6,12.428571428571429,6,1,1
2893,6,12.0,7,1,0
2894,5,13.0,6,1,0
2895,6,10.5,6,1,0
2896,5,12.0,5,1,0
2897,8,14.575,8,1,0
2898,7,12.414285714285716,8,1,0
2899,0,0.0,0,1,0
2900,12,11.4375,12,1,0
2901,0,0.0,6,1,0
2902,8,13.125,8,1,0
2903,6,13.5,6,1,1
2904,3,12.0,6,1,0
2905,6,12.5,6,1,0
2906,6,11.333333333333334,6,1,1
2907,6,14.066666666666668,7,1,1
2908,7,13.571428571428571,7,1,0
2909,4,12.25,6,0,0
2910,0,0.0,6,1,0
2911,8,13.27625,8,1,0
2912,0,0.0,6,1,0
2913,6,14.75,6,1,0
2914,0,0.0,5,1,0
2915,5,11.8,6,1,1
2916,10,14.5,10,1,0
2917,7,12.321428571428571,8,1,0
2918,12,11.833333333333334,14,1,0
2919,0,0.0,6,0,0
2920,0,0.0,0,1,1
2921,0,0.0,6,1,0
2922,5,12.4,6,1,0
2923,0,0.0,5,1,0
2924,7,12.757142857142856,8,1,1
2925,6,14.666666666666666,6,1,1
2926,6,14.571428571428571,6,1,0
2927,5,10.4,5,1,0
2928,0,0.0,0,1,0
2930,2,12.5,5,1,0
2931,0,0.0,5,1,0
2932,0,0.0,5,1,0
2933,7,11.971428571428572,8,1,0
2934,0,0.0,6,1,0
2935,4,12.25,6,1,0
2936,0,0.0,6,1,0
2937,0,0.0,5,0,0
2938,4,10.75,5,1,0
2939,0,0.0,6,1,0
2940,6,12.333333333333334,6,1,1
2941,8,12.3,8,1,0
2942,11,13.583333333333334,11,1,1
2943,11,13.833333333333334,12,1,0
2944,8,12.75,8,1,0
2945,3,13.0,7,1,0
2946,0,0.0,6,1,0
2947,6,13.142857142857142,6,1,0
2948,6,12.0,6,1,0
2949,1,12.0,6,1,0
2950,5,12.6,6,1,0
2951,6,13.833333333333334,6,1,0
2952,3,12.333333333333334,5,1,0
2953,0,0.0,0,1,0
2954,5,14.8,6,1,1
2955,0,0.0,0,1,0
2956,0,0.0,7,1,0
2957,8,11.0,8,1,0
2958,2,11.0,6,1,0
2959,6,12.833333333333334,6,1,0
2960,6,12.666666666666666,6,1,1
2961,7,14.13714285714286,8,1,0
2962,1,11.0,6,1,0
2963,4,11.5,5,1,0
2964,6,12.5,6,1,1
2965,5,12.6,5,1,1
2966,8,14.1875,8,1,0
2967,0,0.0,8,1,0
2968,6,11.166666666666666,6,1,0
2969,5,14.2,6,1,1
2970,4,12.6,7,1,0
2971,2,12.666666666666666,5,1,0
2972,4,13.0,5,1,0
2973,3,12.333333333333334,5,1,0
2974,0,0.0,0,1,0
2975,10,14.6,10,1,0
2976,6,12.166666666666666,6,1,1
2977,16,13.875,17,1,0
2978,5,12.0,6,1,0
2979,4,12.75,5,0,0
2980,6,12.166666666666666,6,0,0
2981,6,13.125,6,1,1
2982,8,14.575,8,1,1
2983,6,13.666666666666666,6,0,0
2984,6,14.35,7,1,1
2985,6,13.5,6,1,0
2986,4,11.5,6,1,0
2987,6,11.833333333333334,6,1,0
2988,11,13.25,11,0,0
2989,5,11.2,6,1,0
2990,4,13.0,6,1,1
2991,7,11.82,8,1,1
2992,0,0.0,6,1,0
2993,6,12.666666666666666,6,1,1
2994,6,11.857142857142858,6,1,0
2995,8,14.9,8,1,1
2996,5,13.8,6,1,0
2997,4,11.5,5,1,0
2998,6,13.666666666666666,6,1,0
2999,0,0.0,5,0,0
3000,7,12.714285714285714,8,1,0
3001,7,12.18888888888889,8,1,0
3002,5,12.2,6,1,1
3003,8,13.375,8,1,1
3004,5,13.0,5,1,1
3005,8,14.955555555555556,8,1,1
3006,4,11.0,5,1,0
3007,4,11.75,5,1,1
3008,4,14.6,6,1,0
3009,8,14.4625,8,1,0
3010,6,13.0,6,1,0
3011,3,14.0,6,1,0
3012,7,13.571428571428571,8,1,0
3013,6,13.5,6,1,1
3014,0,0.0,8,1,0
3015,8,14.627777777777778,8,1,0
3016,9,13.7,9,1,0
3017,8,14.533333333333331,8,1,0
3018,5,12.8,5,1,1
3019,5,11.333333333333334,6,1,0
3020,5,12.833333333333334,5,1,0
3021,8,14.71875,8,1,0
3022,4,12.25,6,1,0
3023,0,0.0,0,1,1
3024,0,0.0,0,1,1
3025,7,14.0,8,1,1
3026,6,12.571428571428571,6,1,0
3027,3,11.333333333333334,6,1,0
3028,7,14.0,7,1,1
3029,4,10.0,5,1,0
3030,11,11.909090909090908,14,1,0
3031,8,15.9,8,1,0
3032,8,12.205555555555556,8,1,1
3033,6,13.333333333333334,6,1,0
3034,5,11.857142857142858,5,1,0
3035,6,10.833333333333334,6,1,0
3036,0,0.0,8,0,0
3037,6,13.0,6,1,1
3038,6,13.833333333333334,6,1,0
3039,6,11.833333333333334,7,0,0
3040,6,13.142857142857142,6,1,1
3041,7,12.757142857142856,8,1,0
3042,5,13.6,6,0,0
3043,6,11.625,6,1,1
3044,6,12.833333333333334,6,1,1
3045,4,10.75,6,1,0
3046,4,10.25,5,1,0
3047,5,14.2,6,1,0
3048,5,13.6,5,1,1
3049,5,13.142857142857142,5,1,0
3051,3,10.857142857142858,5,1,0
3052,6,16.0,6,1,1
3053,3,13.0,5,1,1
3054,6,14.571428571428571,6,1,1
3055,2,13.0,5,0,0
3056,6,14.0,6,1,1
3057,0,0.0,6,1,0
3058,7,12.628571428571428,8,1,0
3059,7,14.232857142857142,8,1,1
3060,6,14.0,6,1,0
3061,0,0.0,6,1,0
3062,4,11.0,6,1,1
3063,6,13.0,6,0,1
3064,6,11.5,6,1,1
3065,0,0.0,6,1,0
3066,8,12.75,9,1,0
3068,5,12.5,7,1,1
3069,0,0.0,6,1,0
3070,4,10.571428571428571,6,1,1
3071,0,0.0,5,0,0
3072,5,12.0,6,0,0
3073,3,13.666666666666666,5,1,0
3074,9,12.22222222222222,14,0,0
3075,5,11.6,6,1,0
3076,3,13.666666666666666,5,1,0
3077,0,0.0,5,0,0
3078,4,12.25,5,1,0
3079,2,13.5,6,1,0
3080,5,14.166666666666666,5,1,0
3082,11,12.083333333333334,11,1,1
3083,0,0.0,6,0,0
3084,6,11.5,6,1,0
3085,4,12.0,5,1,0
3086,14,12.428571428571429,14,1,0
3087,4,12.0,5,1,0
3088,7,15.94285714285714,8,1,0
3089,0,0.0,5,1,0
3090,6,10.714285714285714,6,1,0
3091,5,12.833333333333334,6,1,1
3092,6,12.5,6,1,1
3094,0,0.0,6,1,1
3095,6,11.428571428571429,6,1,1
3096,6,12.333333333333334,6,1,1
3097,0,0.0,6,1,0
3098,6,11.666666666666666,6,1,0
3099,0,0.0,6,1,0
3100,8,13.32625,8,1,0
3101,5,12.8,5,1,0
3103,0,0.0,0,0,0
3104,6,12.428571428571429,6,1,0
3105,5,15.4,5,1,0
3106,8,12.32,8,1,1
3107,8,14.75625,8,1,0
3108,6,12.5,6,1,0
3109,5,15.4,5,1,1
3110,0,0.0,0,1,0
3111,8,15.366666666666667,8,1,0
3112,6,12.333333333333334,6,1,0
3113,5,12.375,6,1,0
3114,6,11.5,6,1,0
3115,6,13.333333333333334,6,1,1
3116,0,0.0,8,0,0
3117,6,13.333333333333334,6,1,0
3118,4,11.5,6,1,0
3119,3,13.333333333333334,5,1,0
3120,6,12.833333333333334,10,1,0
3121,8,11.55,8,1,1
3122,4,11.75,5,1,1
3123,6,14.65,7,1,0
3124,8,14.863636363636363,8,1,1
3125,13,12.071428571428571,13,1,0
3126,3,11.666666666666666,6,1,0
3127,5,15.4,5,1,0
3128,5,13.0,5,1,0
3129,6,12.833333333333334,6,1,1
3130,5,12.0,6,1,0
3131,7,12.785714285714286,8,1,1
3132,6,13.333333333333334,6,1,0
3133,8,13.8375,8,1,0
3134,5,13.2,8,1,0
3135,0,0.0,0,1,0
3136,4,11.75,5,1,0
3137,6,16.5,6,1,0
3138,6,15.0,6,1,0
3139,4,11.5,6,1,1
3140,6,14.285714285714286,6,1,0
3141,5,11.6,5,1,0
3142,0,0.0,5,1,0
3143,7,15.114285714285714,8,1,1
3144,6,14.285714285714286,6,1,1
3145,8,12.0,10,1,1
3146,6,11.333333333333334,6,1,1
3147,6,11.77142857142857,7,1,0
3148,4,10.75,5,1,0
3149,4,10.75,5,1,1
3150,2,13.0,5,1,0
3151,0,0.0,0,0,0
3153,11,15.0,11,1,0
3154,6,11.783333333333331,7,1,0
3155,3,11.333333333333334,5,1,0
3156,8,11.25,12,1,0
3157,2,10.0,5,1,0
3158,3,14.666666666666666,6,1,0
3159,2,11.333333333333334,6,1,1
3160,0,0.0,0,1,1
3161,5,11.8,6,1,1
3162,7,14.328571428571427,8,1,0
3163,6,16.333333333333332,6,1,1
3164,5,12.4,5,1,0
3165,4,13.25,5,1,1
3166,1,10.0,6,1,0
3167,3,10.5,5,1,0
3168,6,11.333333333333334,6,0,1
3169,4,10.868,8,1,1
3170,5,12.8,5,1,1
3171,4,10.75,6,0,0
3172,4,12.25,6,1,0
3173,6,12.157142857142857,7,1,1
3174,6,10.833333333333334,6,1,1
3175,0,0.0,7,1,0
3176,8,14.0,8,1,1
3177,6,13.0,6,1,1
3178,7,14.535714285714286,8,1,0
3179,5,11.2,7,1,1
3180,6,13.666666666666666,6,1,0
3181,3,12.666666666666666,6,1,0
3183,4,11.0,5,1,0
3184,5,13.666666666666666,6,1,1
3185,0,0.0,5,1,0
3186,0,0.0,5,0,1
3187,0,0.0,7,1,0
3188,0,0.0,5,1,0
3189,0,0.0,0,1,0
3190,0,0.0,6,0,0
3191,4,13.0,6,1,0
3192,3,11.0,5,1,0
3193,4,11.25,7,1,0
3194,9,12.555555555555555,10,1,0
3195,0,0.0,6,0,0
3196,5,12.142857142857142,6,1,0
3197,3,12.666666666666666,5,1,0
3198,0,0.0,6,1,0
3199,7,12.84142857142857,8,1,0
3200,0,0.0,5,1,0
3201,6,12.833333333333334,6,1,0
3202,3,12.0,6,1,0
3203,3,11.0,6,1,0
3204,0,0.0,6,1,0
3205,0,0.0,5,0,0
3206,5,13.333333333333334,5,1,0
3207,6,11.571428571428571,6,1,0
3208,5,11.0,6,0,0
3209,4,10.75,6,1,0
3210,6,15.571428571428571,6,1,0
3211,0,0.0,0,1,0
3212,6,12.166666666666666,6,1,1
3213,0,0.0,6,1,0
3214,6,15.166666666666666,6,1,0
3215,6,12.333333333333334,6,1,1
3216,2,10.0,6,0,0
3217,4,12.25,5,1,0
3218,7,11.571428571428571,11,1,0
3219,0,0.0,5,1,0
3220,0,0.0,5,1,0
3221,5,12.0,8,0,1
3222,6,14.714285714285714,6,1,1
3223,0,0.0,5,0,0
3224,4,12.25,5,1,0
3225,8,13.81375,8,1,0
3226,6,12.875,6,1,0
3227,4,12.2,6,1,0
3228,8,13.044444444444444,8,1,1
3229,6,13.116666666666667,8,1,0
3230,7,14.985714285714286,8,1,0
3231,4,11.5,5,1,0
3232,5,12.6,6,1,0
3233,0,0.0,6,1,0
3234,8,13.661,8,1,0
3235,8,14.2725,8,1,0
3236,5,12.6,5,1,0
3237,4,12.0,5,1,0
3238,8,13.9375,8,1,0
3239,6,12.5,6,1,1
3240,5,10.4,5,1,0
3241,11,12.272727272727272,13,1,0
3242,1,12.0,6,1,0
3243,8,14.11,8,1,1
3244,3,10.666666666666666,6,1,0
3245,6,12.0,6,0,0
3246,6,13.5,6,1,1
3247,6,13.5,6,1,1
3248,5,11.4,5,1,1
3249,6,14.0,6,1,0
3250,0,0.0,7,1,1
3251,4,11.0,5,1,1
3252,0,0.0,5,1,1
3253,1,13.0,6,1,1
3254,6,12.25,6,1,0
3255,4,11.25,5,1,0
3256,6,12.766666666666666,7,1,0
3257,6,12.666666666666666,6,1,0
3258,5,13.4,5,1,1
3259,6,14.316666666666668,7,1,0
3260,5,12.0,5,1,0
3261,5,12.6,5,1,1
3262,0,0.0,5,0,0
3263,5,13.8,5,1,1
3264,1,11.0,6,1,0
3265,6,12.333333333333334,6,1,1
3266,5,14.0,5,1,0
3267,5,11.8,5,1,1
3268,0,0.0,8,1,0
3269,5,11.6,7,1,0
3270,2,10.5,6,1,1
3271,7,11.714285714285714,7,1,1
3272,10,13.4,10,1,0
3273,6,12.0,7,1,0
3274,0,0.0,6,1,0
3275,7,11.142857142857142,10,1,0
3276,5,11.0,10,1,0
3277,5,14.4,5,1,1
3278,2,13.0,5,1,0
3279,6,11.5,6,1,1
3280,8,14.625,8,1,0
3281,8,12.875,8,0,0
3282,9,11.6,9,1,0
3283,6,10.833333333333334,6,1,1
3284,4,12.0,5,1,0
3285,5,13.8,5,1,0
3286,0,0.0,7,1,0
3287,3,10.166666666666666,6,0,0
3288,5,12.0,5,1,0
3289,13,11.615384615384617,13,1,0
3290,0,0.0,6,1,0
3291,0,0.0,6,0,0
3292,1,11.0,6,1,0
3293,7,13.68142857142857,8,1,0
3294,6,12.616666666666667,7,1,0
3295,4,11.25,6,1,0
3296,6,12.8,7,1,1
3297,5,11.566666666666668,7,0,0
3298,6,14.0,6,1,0
3299,0,0.0,8,0,0
3300,0,0.0,0,1,0
3301,8,14.3625,8,1,1
3302,8,13.31375,8,1,1
3303,5,14.6,5,1,1
3304,6,13.833333333333334,6,1,1
3305,6,13.0,6,1,0
3306,11,13.727272727272728,11,1,0
3307,7,12.428571428571429,11,1,0
3308,8,13.41625,8,1,1
3309,0,0.0,8,1,0
3310,5,13.0,6,1,1
3311,6,14.625,6,1,0
3312,6,10.166666666666666,6,1,0
3313,5,12.4,6,1,0
3314,0,0.0,5,0,0
3315,5,14.2,5,1,0
3316,2,14.0,5,0,0
3317,0,0.0,0,1,1
3318,1,10.0,6,0,0
3319,6,12.0,6,1,0
3320,3,13.0,6,1,1
3321,0,0.0,5,1,0
3322,0,0.0,5,1,0
3323,5,13.571428571428571,5,0,0
3324,0,0.0,0,1,0
3325,2,10.0,7,1,0
3326,8,12.0,10,1,0
3327,1,10.0,6,1,0
3328,2,11.0,5,1,1
3329,3,11.428571428571429,5,1,0
3330,6,11.571428571428571,6,1,1
3331,5,12.0,7,0,0
3332,2,11.5,5,0,0
3333,3,10.666666666666666,5,0,0
3334,5,11.8,6,1,0
3335,1,10.0,6,1,0
3336,0,0.0,6,0,0
3337,4,12.25,9,0,0
3338,3,11.333333333333334,5,1,0
3339,4,10.428571428571429,6,1,0
3340,0,0.0,6,0,0
3341,4,13.0,6,0,0
3342,6,12.666666666666666,6,1,1
3343,2,10.0,5,1,0
3344,3,11.666666666666666,7,0,0
3345,1,13.0,6,1,0
3346,0,0.0,7,1,0
3347,0,0.0,5,1,0
3348,5,11.6,6,1,0
3349,0,0.0,6,1,0
3350,6,11.666666666666666,6,1,0
3351,2,10.5,6,1,0
3352,2,11.0,6,1,0
3353,5,11.833333333333334,6,1,1
3354,8,15.3,8,1,1
3355,0,0.0,7,0,0
3356,3,12.6,5,1,0
3357,0,0.0,6,1,0
3358,0,0.0,8,1,0
3359,5,12.0,5,1,0
3360,5,13.125,6,0,0
3361,6,14.0,6,1,1
3362,5,11.4,5,1,1
3363,0,0.0,5,0,0
3364,4,10.5,6,1,0
3365,1,13.0,6,0,0
3366,3,12.0,5,1,0
3367,6,14.616666666666667,7,1,0
3368,7,14.06,8,1,1
3369,3,11.333333333333334,6,1,0
3370,0,0.0,5,1,0
3372,6,12.333333333333334,6,1,1
3373,5,11.833333333333334,5,1,1
3374,6,12.5,6,1,1
3375,6,12.857142857142858,6,1,0
3376,6,14.666666666666666,6,1,1
3377,7,12.857142857142858,7,1,1
3378,3,11.714285714285714,5,1,0
3379,6,13.9,7,1,0
3380,3,12.066666666666668,7,1,0
3381,11,12.545454545454543,14,1,0
3382,6,14.142857142857142,6,1,1
3383,0,0.0,5,1,0
3384,3,11.333333333333334,5,1,0
3385,6,10.714285714285714,6,1,1
3386,8,14.955555555555556,8,1,0
3387,6,11.8,6,1,0
3388,11,13.25,11,1,1
3389,5,12.4,6,1,1
3390,7,12.285714285714286,7,1,1
3391,8,12.88625,8,1,0
3392,6,12.666666666666666,6,1,1
3393,5,11.2,5,1,1
3394,3,14.5,5,1,0
3395,9,13.88888888888889,9,1,0
3396,4,13.25,5,1,0
3397,8,14.50125,8,1,1
3398,6,14.35,7,1,0
3399,6,12.333333333333334,6,1,1
3400,6,14.666666666666666,6,1,1
3401,5,13.6,6,1,0
3402,6,13.666666666666666,6,1,0
3403,8,14.02625,8,1,1
3404,4,11.25,5,1,0
3405,0,0.0,0,1,0
3406,5,11.8,6,1,0
3407,8,14.15375,8,1,1
3409,6,12.833333333333334,6,1,0
3410,4,14.0,6,1,0
3411,7,12.454285714285716,8,1,0
3412,0,0.0,5,1,0
3413,0,0.0,8,1,0
3414,7,12.94375,8,1,1
3415,6,14.775,8,1,0
3416,6,12.5,6,1,0
3417,0,0.0,6,1,0
3418,7,14.428571428571429,7,1,1
3419,6,14.0,6,1,1
3420,8,13.2575,8,1,1
3421,0,0.0,6,1,0
3422,2,11.5,6,0,1
3423,5,15.4,5,1,0
3424,0,0.0,5,1,0
3425,0,0.0,5,0,0
3426,2,11.0,5,1,0
3427,6,11.333333333333334,6,1,0
3428,6,14.333333333333334,6,1,0
3429,0,0.0,5,1,0
3430,6,14.166666666666666,6,1,1
3431,7,14.2,8,1,0
3432,6,14.666666666666666,6,1,1
3433,8,14.3875,8,1,0
3434,6,14.0,6,1,1
3435,6,13.0,6,1,0
3436,6,13.5,6,1,1
3437,9,10.333333333333334,12,1,0
3438,8,11.9625,8,1,0
3439,2,11.0,7,1,0
3440,7,12.814285714285717,7,1,0
3441,5,13.625,6,1,0
3442,5,12.4,6,1,0
3443,6,12.666666666666666,6,1,0
3445,7,13.0375,8,1,1
3446,6,14.666666666666666,6,1,0
3447,0,0.0,0,1,1
3448,6,13.0,6,1,1
3449,8,14.58888888888889,8,1,1
3450,5,12.125,5,1,0
3451,5,13.5,7,1,0
3452,7,11.571428571428571,8,1,0
3453,7,12.657142857142857,8,1,1
3454,1,10.0,5,0,0
3455,6,13.166666666666666,6,1,0
3456,11,13.0,11,1,0
3457,6,14.0,6,1,1
3458,6,12.142857142857142,6,1,0
3459,0,0.0,5,0,0
3460,6,12.9,7,1,1
3461,5,13.126,8,1,0
3462,3,11.666666666666666,9,1,0
3463,5,11.8,6,1,0
3464,6,13.428571428571429,6,1,0
3465,0,0.0,5,1,0
3466,2,11.5,4,1,0
3467,8,11.375,8,1,0
3468,4,10.25,5,1,0
3469,7,12.771428571428572,8,1,1
3470,7,13.79857142857143,8,1,1
3471,6,13.5,6,0,0
3472,0,0.0,5,0,0
3473,13,12.846153846153848,14,1,0
3474,0,0.0,5,1,0
3475,5,14.428571428571429,6,1,0
3476,13,14.538461538461538,13,1,1
3477,5,12.4,10,1,0
3478,1,10.0,6,1,0
3479,6,13.166666666666666,6,1,1
3480,8,12.93875,8,1,1
3481,0,0.0,0,1,0
3482,0,0.0,6,1,0
3483,5,12.88,7,0,0
3484,4,11.8125,7,0,0
3485,5,11.4,6,1,0
3486,7,13.0,8,1,0
3487,0,0.0,6,0,0
3488,3,12.333333333333334,5,1,0
3489,5,12.166666666666666,6,1,0
3490,0,0.0,0,1,0
3491,0,0.0,5,1,0
3492,1,10.0,5,1,0
3493,0,0.0,5,0,0
3494,4,10.75,5,1,1
3495,6,14.1,6,1,0
3496,3,10.8,5,0,0
3497,4,11.6,5,1,0
3498,6,13.5,6,1,1
3499,0,0.0,6,1,0
3500,5,13.6,5,1,1
3501,0,0.0,6,1,1
3502,6,13.0,6,0,0
3503,4,11.75,6,1,1
3504,5,13.0,6,1,1
3505,0,0.0,5,1,0
3506,0,0.0,6,0,0
3507,5,11.6,5,1,0
3508,4,12.25,5,1,1
3509,8,12.375,9,1,1
3510,8,12.805555555555555,8,1,1
3511,2,15.0,6,1,0
3512,0,0.0,0,1,0
3513,0,0.0,6,1,1
3514,4,11.25,5,1,0
3515,4,11.25,6,1,0
3516,0,0.0,0,1,0
3517,1,12.0,5,1,0
3519,6,11.5,10,1,0
3520,5,13.714285714285714,5,1,0
3521,12,11.25,17,1,0
3522,6,13.428571428571429,6,1,1
3523,3,10.333333333333334,5,1,0
3524,5,14.6,5,1,0
3525,6,13.5,6,1,0
3526,5,11.2,7,0,0
3527,6,12.2,7,1,0
3528,3,14.2,5,1,0
3529,7,13.475,8,1,0
3530,5,13.8,6,1,0
3531,9,13.11111111111111,10,1,0
3532,5,15.0,5,1,0
3533,0,0.0,6,0,0
3534,0,0.0,5,1,0
3535,9,11.333333333333334,13,1,0
3536,0,0.0,5,1,0
3537,0,0.0,5,0,0
3538,4,10.25,6,1,0
3539,6,12.166666666666666,6,1,0
3540,0,0.0,5,1,0
3541,2,13.0,6,0,0
3542,4,12.75,5,1,0
3543,5,13.666666666666666,6,0,0
3544,3,11.333333333333334,5,1,0
3545,6,13.266666666666666,7,1,1
3546,8,14.1875,8,1,1
3547,0,0.0,5,1,0
3548,0,0.0,6,0,0
3549,6,13.483333333333334,7,1,0
3550,5,12.16,8,1,0
3551,0,0.0,5,0,0
3552,3,11.666666666666666,5,1,0
3553,5,17.714285714285715,5,1,0
3554,5,13.2,6,1,0
3555,6,13.142857142857142,6,1,0
3556,4,11.8,6,1,0
3557,0,0.0,6,0,0
3558,6,12.142857142857142,6,1,0
3559,4,14.5,5,1,0
3560,0,0.0,7,1,0
3561,6,13.625,6,1,0
3562,0,0.0,5,1,0
3563,2,16.0,7,0,0
3564,0,0.0,5,0,0
3565,3,10.666666666666666,5,0,1
3566,18,14.5,18,1,0
3567,5,13.8,5,1,1
3568,5,13.571428571428571,5,1,0
3569,0,0.0,6,1,0
3570,4,11.2,6,1,0
3571,5,16.0,5,1,0
3572,5,10.6,11,1,0
3573,0,0.0,5,1,0
3574,6,13.166666666666666,6,1,1
3575,6,14.857142857142858,6,1,0
3576,4,10.5,5,1,0
3577,2,10.25,8,1,0
3578,0,0.0,6,1,0
3579,6,14.833333333333334,6,1,1
3580,5,12.6,6,1,0
3581,7,13.657142857142857,8,1,0
3582,0,0.0,5,1,0
3583,5,10.5,5,0,0
3584,7,13.142857142857142,7,1,0
3585,2,11.5,7,1,0
3586,0,0.0,0,0,0
3587,12,13.0,12,1,0
3588,4,14.0,6,1,1
3589,0,0.0,5,1,0
3590,0,0.0,5,1,0
3591,7,13.154285714285717,8,1,0
3592,6,13.166666666666666,11,1,0
3593,5,11.8,6,1,0
3594,5,11.4,5,1,0
3595,1,12.0,6,1,0
3596,3,12.75,6,1,0
3597,6,12.166666666666666,6,1,0
3598,5,12.8,6,1,1
3599,6,14.5,6,1,0
3600,0,0.0,0,0,0
3601,6,12.666666666666666,6,1,0
3602,6,12.833333333333334,6,1,0
3603,3,12.0,5,1,0
3604,6,12.166666666666666,6,1,0
3605,3,12.75,6,1,0
3606,5,11.0,9,1,0
3607,0,0.0,0,1,0
3608,5,14.571428571428571,5,1,0
3609,0,0.0,0,1,0
3610,3,11.6,5,1,0
3611,6,13.857142857142858,6,1,0
3612,2,12.0,6,1,0
3613,2,10.5,6,1,0
3614,6,11.833333333333334,6,1,0
3615,4,11.142857142857142,6,1,0
3616,5,14.2,5,0,1
3617,5,11.8,6,1,0
3618,6,13.833333333333334,6,1,0
3619,6,13.5,6,1,1
3620,5,11.0,6,1,0
3621,8,16.09375,8,1,1
3622,6,16.0,6,1,1
3624,4,11.75,5,1,0
3625,1,13.0,6,1,0
3626,2,11.0,6,1,0
3627,5,11.2,6,1,1
3628,0,0.0,0,1,0
3629,6,14.285714285714286,6,0,1
3630,7,13.0,8,1,1
3631,2,10.333333333333334,6,0,0
3633,7,13.0,9,1,0
3634,4,12.75,5,1,0
3636,6,11.666666666666666,6,1,0
3637,6,12.666666666666666,7,0,0
3638,8,13.91,8,1,0
3639,6,13.285714285714286,6,1,1
3640,6,12.666666666666666,6,1,1
3641,0,0.0,6,0,0
3642,5,14.0,6,1,1
3643,5,13.333333333333334,5,1,1
3644,6,11.833333333333334,6,1,1
3645,6,12.428571428571429,6,1,0
3646,4,12.8,6,1,0
3647,0,0.0,6,1,0
3648,7,12.328571428571427,8,1,0
3649,1,10.0,7,1,0
3650,11,12.727272727272728,12,1,1
3651,4,13.25,6,1,0
3652,8,15.125,8,1,1
3653,5,11.8,6,1,0
3654,6,12.166666666666666,6,1,0
3655,6,12.833333333333334,6,1,1
3656,3,13.0,5,1,1
3657,7,14.471428571428572,8,1,0
3658,5,12.833333333333334,5,1,1
3659,4,11.25,5,1,0
3660,0,0.0,5,1,0
3661,6,13.25,6,1,0
3662,5,12.6,5,1,0
3663,7,12.671428571428573,8,1,1
3664,7,13.771428571428572,8,1,0
3665,5,12.142857142857142,6,1,0
3666,5,13.4,7,1,0
3667,0,0.0,2,0,0
3668,6,12.666666666666666,6,1,1
3669,6,12.491666666666667,8,1,0
3670,11,14.166666666666666,11,1,1
3671,6,14.5,6,1,0
3672,6,13.0,6,1,0
3673,4,13.75,6,1,1
3674,6,13.0,6,1,1
3675,6,12.666666666666666,6,1,0
3676,4,11.25,10,0,0
3677,0,0.0,5,1,0
3679,6,12.0,6,1,1
3680,0,0.0,0,1,0
3681,5,10.2,5,1,0
3682,0,0.0,5,0,0
3683,0,0.0,0,1,1
3684,4,11.5,5,1,0
3685,6,15.9,6,1,0
3686,11,11.636363636363637,14,1,0
3687,0,0.0,5,0,0
3688,4,11.25,6,1,0
3689,3,14.0,5,1,0
3690,4,10.75,5,1,0
3691,1,11.0,5,0,0
3692,0,0.0,6,1,0
3693,2,12.5,5,1,1
3694,0,0.0,0,1,0
3695,1,12.0,5,0,0
3696,5,11.4,6,1,0
3697,2,10.5,6,1,0
3698,7,11.85625,8,1,0
3699,0,0.0,5,1,0
3700,5,11.4,6,1,0
3701,3,12.833333333333334,5,1,1
3702,0,0.0,5,1,0
3703,0,0.0,5,1,1
3704,6,14.0,6,1,0
3705,4,13.25,5,1,0
3706,4,11.25,5,1,1
3707,0,0.0,0,1,0
3708,5,11.8,6,0,0
3709,4,11.25,5,1,0
3710,5,12.0,5,1,0
3711,0,0.0,0,1,1
3712,3,10.333333333333334,5,1,0
3713,0,0.0,7,1,0
3714,0,0.0,6,0,0
3715,2,12.5,5,1,0
3716,2,11.5,5,1,0
3717,0,0.0,0,1,0
3718,0,0.0,5,1,0
3719,0,0.0,6,1,0
3721,0,0.0,6,0,0
3722,0,0.0,6,1,0
3723,3,10.666666666666666,5,1,0
3724,5,12.2,5,1,1
3725,6,11.666666666666666,7,1,0
3726,0,0.0,5,0,0
3727,5,14.0,6,1,0
3728,10,14.2,11,1,0
3729,12,14.461538461538462,12,1,0
3730,7,11.95,8,1,0
3731,4,13.5,12,1,0
3732,0,0.0,0,1,0
3733,4,12.75,6,1,1
3734,7,11.25,9,1,0
3735,6,13.2,7,1,0
3736,4,14.0,5,1,1
3737,2,11.5,6,1,0
3738,5,14.6,5,1,0
3739,2,11.5,5,1,0
3740,5,13.666666666666666,6,1,0
3741,5,12.428571428571429,5,1,1
3742,6,14.0,6,1,1
3743,4,15.6,6,1,0
3744,0,0.0,6,1,0
3745,0,0.0,0,0,0
3746,8,12.82875,8,1,1
3748,0,0.0,8,1,0
3749,6,13.166666666666666,6,1,0
3750,7,13.937142857142858,8,1,0
3751,12,14.583333333333334,12,1,0
3752,5,12.2,6,1,0
3753,6,14.85,7,1,0
3754,0,0.0,5,1,0
3755,8,15.622222222222222,8,1,0
3756,5,11.6,6,1,0
3757,8,13.5425,8,1,0
3758,4,12.0,6,1,0
3759,0,0.0,5,1,0
3760,14,11.928571428571429,14,1,0
3761,0,0.0,5,0,0
3762,6,13.0,6,1,1
3763,6,11.166666666666666,6,1,1
3764,5,12.2,6,1,1
3765,6,13.15,8,1,1
3766,6,13.0,6,1,1
3767,0,0.0,6,0,0
3768,5,11.6,6,1,0
3769,5,13.2,6,1,1
3770,0,0.0,6,1,0
3771,5,12.6,6,1,0
3772,6,13.428571428571429,6,1,1
3773,0,0.0,6,0,1
3774,6,14.142857142857142,6,1,1
3775,2,12.5,5,1,0
3776,6,13.0,6,0,0
3777,6,12.666666666666666,6,1,0
3778,2,13.5,6,1,0
3779,3,11.666666666666666,8,1,0
3780,7,13.154285714285717,8,1,0
3781,6,12.833333333333334,6,1,1
3782,7,13.142857142857142,7,1,0
3783,6,12.385714285714286,7,1,1
3784,4,13.75,9,1,0
3785,3,11.666666666666666,6,1,1
3786,0,0.0,0,1,0
3787,0,0.0,6,1,0
3788,6,11.333333333333334,6,1,0
3789,2,12.5,6,0,0
3790,8,13.472,8,1,0
3791,3,10.666666666666666,6,1,0
3792,0,0.0,5,0,0
3793,0,0.0,6,1,0
3794,2,12.0,5,1,0
3795,5,13.2,5,1,0
3796,5,11.8,6,1,0
3797,0,0.0,6,1,0
3798,6,13.857142857142858,6,1,0
3799,0,0.0,6,0,0
3800,0,0.0,6,1,1
3801,7,13.542857142857144,8,1,1
3802,7,11.714285714285714,7,1,1
3803,7,12.142857142857142,7,1,0
3804,2,10.0,5,1,0
3805,2,10.0,10,1,0
3806,6,13.333333333333334,6,1,0
3807,6,12.833333333333334,6,1,0
3808,16,13.0,18,1,0
3809,5,12.6,6,1,0
3810,5,12.86,7,1,1
3811,4,12.0,7,0,0
3812,9,12.555555555555555,11,1,0
3813,11,16.90909090909091,11,1,0
3814,7,11.77777777777778,7,1,0
3815,7,12.820000000000002,8,1,0
3816,3,11.0,6,1,0
3817,13,12.923076923076923,13,1,1
3818,0,0.0,6,1,0
3819,0,0.0,6,0,0
3820,2,11.5,6,1,0
3821,0,0.0,6,1,0
3822,6,14.833333333333334,6,1,0
3823,2,13.5,6,1,0
3824,1,15.0,5,1,0
3825,0,0.0,0,1,0
3826,3,14.75,6,1,0
3827,5,13.2,6,1,1
3828,1,14.0,5,1,0
3829,4,15.5,6,1,1
3830,7,12.365714285714288,8,1,0
3831,5,13.25,6,1,0
3832,7,11.857142857142858,12,1,0
3833,0,0.0,6,1,0
3834,6,12.333333333333334,6,1,1
3835,5,11.8,12,1,0
3837,3,11.333333333333334,5,0,0
3838,1,10.0,5,1,0
3839,0,0.0,0,0,0
3840,3,11.666666666666666,6,1,1
3841,3,11.333333333333334,6,1,0
3842,0,0.0,6,1,0
3843,1,11.0,5,1,0
3844,5,12.8,5,1,0
3845,0,0.0,5,0,0
3846,0,0.0,6,0,0
3847,0,0.0,5,0,0
3848,5,11.6,8,0,0
3849,6,13.666666666666666,6,1,0
3850,0,0.0,5,0,0
3851,5,12.4,6,0,0
3852,2,11.0,6,1,0
3853,12,10.666666666666666,12,1,0
3854,0,0.0,6,0,0
3855,6,16.666666666666668,6,1,0
3856,5,13.2,6,1,0
3858,0,0.0,5,1,0
3859,1,11.0,5,1,1
3860,4,11.75,6,1,0
3861,0,0.0,6,1,1
3862,6,12.833333333333334,6,1,1
3863,6,11.857142857142858,6,1,0
3864,2,11.5,6,0,0
3865,0,0.0,6,1,0
3866,0,0.0,7,1,0
3867,7,14.54,8,1,0
3868,4,13.0,6,1,0
3869,3,11.666666666666666,5,0,0
3870,5,14.333333333333334,6,1,0
3871,5,11.666666666666666,5,1,1
3872,6,12.733333333333334,7,1,0
3873,0,0.0,6,0,0
3874,0,0.0,5,0,0
3875,0,0.0,7,1,0
3876,7,13.771428571428572,8,1,0
3877,8,14.2,8,1,1
3878,6,13.55,7,1,1
3879,5,11.166666666666666,5,1,0
3880,6,15.285714285714286,6,1,0
3881,6,15.0,6,1,1
3882,4,10.857142857142858,6,0,0
3883,4,11.25,6,1,1
3884,7,15.675714285714283,8,1,0
3885,6,12.0,6,1,1
3886,5,15.0,6,1,1
3887,4,10.75,6,1,1
3888,5,13.333333333333334,5,1,0
3889,8,14.125,8,1,1
3890,6,12.5,7,1,0
3891,6,13.428571428571429,6,1,0
3892,4,12.5,5,1,1
3893,2,10.5,5,0,0
3894,5,13.82,7,1,0
3895,6,13.183333333333332,7,1,1
3896,0,0.0,6,1,0
3897,8,12.65125,8,1,1
3898,5,12.8,6,1,0
3899,5,11.25,7,1,0
3900,6,13.9,7,1,1
3901,3,11.0,6,1,1
3902,4,11.857142857142858,5,1,0
3903,3,10.666666666666666,5,0,0
3904,0,0.0,8,0,0
3905,3,11.333333333333334,6,1,1
3906,7,13.957142857142856,8,1,1
3907,3,13.666666666666666,6,1,0
3908,6,15.285714285714286,6,1,1
3909,0,0.0,5,1,0
3910,5,11.6,6,1,0
3911,6,15.5,6,1,0
3912,5,11.4,6,1,0
3913,4,12.75,5,1,0
3914,8,12.22222222222222,9,1,0
3915,5,14.0,5,1,0
3916,6,13.0,6,1,1
3917,6,12.333333333333334,6,1,0
3918,3,13.0,5,1,0
3919,7,12.91,8,1,0
3920,3,11.0,6,1,1
3921,8,12.93625,8,1,1
3922,6,12.5,6,1,1
3923,7,13.0,7,1,1
3924,9,11.7,11,1,0
3925,0,0.0,5,1,0
3926,8,14.34125,8,1,0
3927,5,12.0,6,0,0
3928,0,0.0,0,1,1
3929,4,11.25,6,1,0
3931,6,12.857142857142858,6,1,0
3932,10,13.4,10,1,0
3933,2,10.0,5,1,0
3934,0,0.0,6,1,1
3935,4,12.5,6,1,0
3936,4,11.0,5,1,0
3937,2,13.5,6,1,0
3938,8,15.127777777777778,8,1,0
3939,8,15.0125,8,1,0
3940,4,13.375,5,1,0
3941,0,0.0,6,1,0
3942,4,11.0,6,1,0
3943,0,0.0,5,0,0
3944,0,0.0,6,0,0
3945,6,14.285714285714286,6,1,1
3946,0,0.0,0,1,1
3947,0,0.0,7,1,0
3948,5,13.0,6,1,1
3949,5,14.4,5,1,1
3950,3,15.333333333333334,6,1,1
3951,0,0.0,5,1,0
3952,7,14.214285714285714,8,1,1
3953,5,12.4,5,1,0
3954,1,10.0,6,1,0
3955,0,0.0,8,1,0
3956,5,12.6,5,1,0
3957,4,12.2,5,1,0
3958,8,15.75,8,1,0
3959,6,14.857142857142858,6,1,1
3960,0,0.0,6,0,0
3961,17,15.023529411764704,17,1,0
3962,6,13.383333333333333,7,1,0
3963,10,13.090909090909092,11,1,0
3964,2,10.666666666666666,6,0,0
3965,8,13.01125,8,1,1
3966,4,12.0,6,1,0
3967,0,0.0,7,1,1
3968,3,12.666666666666666,6,1,0
3969,5,11.4,5,1,0
3970,5,13.8,6,1,0
3971,7,13.65,8,1,0
3972,5,11.2,5,1,0
3973,8,11.736,8,1,1
3974,5,13.428571428571429,5,1,0
3975,8,14.511111111111113,8,1,0
3976,8,12.6125,8,1,0
3977,6,13.8,7,1,1
3978,7,15.142857142857142,7,1,1
3979,5,12.6,6,1,0
3980,6,13.333333333333334,6,1,1
3981,6,14.833333333333334,6,1,0
3982,7,12.166666666666666,8,1,0
3983,6,13.166666666666666,6,1,1
3984,0,0.0,6,0,0
3985,6,12.666666666666666,6,1,0
3986,5,13.0,6,1,0
3987,6,15.25,7,1,0
3988,3,12.0,5,1,1
3989,11,12.090909090909092,13,1,0
3991,2,10.5,7,1,0
3992,6,12.166666666666666,6,1,1
3993,5,11.8,6,0,1
3994,9,12.77777777777778,11,1,0
3995,0,0.0,5,1,0
3996,2,12.0,6,1,0
3997,8,12.3,8,1,1
3998,3,14.166666666666666,7,0,0
3999,8,14.2125,8,1,0
4000,0,0.0,5,0,0
4001,0,0.0,5,1,0
4002,6,13.333333333333334,6,1,0
4003,6,13.516666666666666,7,1,1
4004,6,13.285714285714286,6,1,1
4005,0,0.0,6,1,0
4006,6,13.0,6,1,1
4007,0,0.0,6,1,0
4008,0,0.0,6,0,0
4009,0,0.0,5,1,0
4010,0,0.0,7,1,0
4011,3,10.5,5,1,0
4012,0,0.0,6,1,0
4013,8,15.52222222222222,8,1,1
4014,8,14.8,8,1,1
4015,3,12.0,5,1,0
4016,4,11.25,6,1,0
4017,0,0.0,5,1,1
4018,6,14.0,6,1,1
4019,8,13.9475,8,1,1
4020,0,0.0,5,1,0
4021,7,12.285714285714286,7,1,0
4022,5,11.25,5,1,1
4023,6,12.25,8,1,0
4025,5,11.4,5,1,1
4026,9,12.7,12,1,0
4027,6,13.066666666666668,8,1,0
4028,6,13.875,6,1,0
4029,0,0.0,7,1,0
4030,5,13.2,5,1,0
4031,10,12.818181818181818,11,1,1
4032,8,13.74625,8,1,0
4033,0,0.0,0,1,0
4034,0,0.0,6,1,0
4035,0,0.0,6,1,0
4036,5,14.5,6,1,1
4037,5,11.4,6,1,1
4038,6,15.285714285714286,6,1,1
4039,7,11.857142857142858,7,1,0
4040,5,13.6,5,1,0
4041,6,13.714285714285714,6,1,0
4042,6,12.0,6,1,0
4043,7,12.285714285714286,8,1,0
4044,6,13.0,6,1,1
4045,0,0.0,8,1,0
4046,4,13.0,6,1,1
4047,7,13.9,8,1,0
4048,7,13.817142857142857,8,1,1
4049,7,12.875,8,1,1
4050,0,0.0,6,1,0
4051,6,12.166666666666666,6,1,1
4052,3,11.333333333333334,6,0,1
4053,6,12.75,6,1,0
4054,6,14.571428571428571,6,1,1
4055,4,12.0,6,1,0
4057,4,13.666666666666666,6,1,0
4058,6,12.625,6,1,0
4059,0,0.0,6,0,0
4060,6,14.833333333333334,6,1,0
4061,5,13.285714285714286,5,1,0
4062,9,15.555555555555555,9,1,0
4063,5,12.75,5,1,1
4064,11,11.25,17,1,0
4065,5,14.0,6,1,0
4066,8,11.95625,8,1,1
4067,0,0.0,6,0,0
4068,5,12.6,5,1,1
4069,6,11.666666666666666,6,1,0
4070,8,14.6,8,1,0
4071,4,10.0,6,1,0
4072,6,13.0,6,1,0
4073,6,14.0,6,1,1
4074,8,13.0625,8,1,1
4075,0,0.0,6,1,0
4076,7,13.971428571428572,8,1,1
4077,0,0.0,6,1,0
4078,5,15.333333333333334,5,1,0
4079,5,12.8,6,1,1
4080,0,0.0,0,0,1
4081,4,11.0,5,1,0
4082,4,12.0,6,1,0
4083,5,13.142857142857142,5,1,0
4084,0,0.0,5,0,0
4085,3,14.666666666666666,6,0,0
4086,6,13.333333333333334,6,1,1
4088,9,10.444444444444445,10,1,0
4089,1,13.0,7,0,0
4090,6,11.166666666666666,6,1,0
4091,3,12.6,5,0,0
4093,6,12.142857142857142,6,1,1
4094,6,14.5,6,1,0
4095,6,15.433333333333332,7,1,1
4096,6,15.5,6,1,1
4097,11,11.363636363636363,12,1,0
4098,0,0.0,8,1,0
4099,0,0.0,6,1,0
4100,8,12.625,8,1,0
4101,6,12.166666666666666,6,1,0
4102,6,12.428571428571429,6,1,1
4103,4,11.75,5,1,0
4104,6,14.166666666666666,6,1,0
4105,5,11.444444444444445,5,1,0
4106,5,11.8,6,1,0
4107,6,13.78,8,1,0
4108,7,15.11,8,1,0
4109,5,11.2,6,1,0
4110,7,15.798571428571426,8,1,1
4111,8,15.599999999999998,8,1,0
4112,7,12.16,8,1,0
4113,0,0.0,7,1,0
4114,6,15.5,6,1,0
4115,3,13.333333333333334,6,1,0
4116,6,12.5,6,0,0
4117,7,14.2,8,1,0
4118,5,13.2,5,1,0
4119,5,13.666666666666666,6,1,0
4120,7,12.485714285714286,8,1,1
4121,6,16.285714285714285,6,1,0
4122,6,10.166666666666666,6,1,0
4124,5,11.4,5,1,1
4125,7,11.971428571428572,8,1,1
4126,4,13.5,5,1,0
4127,6,11.666666666666666,6,1,0
4129,6,12.666666666666666,7,1,1
4130,8,14.44875,8,1,1
4131,7,12.084285714285716,8,1,0
4132,8,12.2,12,1,0
4133,5,11.6,6,1,0
4134,6,11.5,6,1,1
4135,5,11.0,6,1,0
4136,7,11.857142857142858,8,1,1
4137,5,13.0,6,1,0
4138,4,13.5,6,1,0
4139,4,11.4,6,1,1
4140,0,0.0,6,1,0
4141,1,16.0,3,1,0
4142,6,11.0,6,1,0
4143,7,12.15,8,1,0
4144,8,11.8375,8,1,0
4145,0,0.0,6,1,0
4146,4,12.5625,7,1,0
4147,2,10.0,6,0,1
4148,2,11.0,5,1,0
4149,12,13.417391304347827,14,1,0
4150,6,14.857142857142858,6,1,0
4151,5,12.5,6,1,0
4152,4,14.8,5,1,0
4153,0,0.0,0,1,0
4154,3,10.666666666666666,6,1,0
4155,6,13.428571428571429,6,1,0
4156,7,13.242857142857144,8,1,1
4157,2,12.5,5,1,0
4158,7,12.05,8,1,1
4159,6,13.666666666666666,6,1,1
4160,6,12.333333333333334,6,1,1
4161,5,11.8,6,0,0
4162,3,11.0,6,1,0
4163,6,11.0,6,1,0
4164,0,0.0,0,1,0
4165,8,13.2,8,1,0
4166,4,11.8,5,1,1
4167,6,13.5,6,1,0
4168,4,11.75,6,1,0
4169,0,0.0,4,1,0
4170,3,11.333333333333334,6,1,0
4171,4,11.0,6,1,1
4172,1,14.0,5,1,0
4173,8,15.0,8,1,1
4174,6,13.166666666666666,6,1,1
4175,7,12.071428571428571,8,1,0
4176,6,12.5,6,1,1
4177,5,12.0,6,1,0
4178,7,13.2575,8,1,1
4179,8,14.51125,8,1,1
4180,3,10.666666666666666,6,1,0
4181,0,0.0,5,0,0
4182,3,11.4,7,1,0
4183,5,14.0,5,1,0
4184,5,11.4,6,1,0
4185,0,0.0,5,1,0
4186,4,11.75,5,1,0
4187,6,13.0,6,1,0
4188,5,11.8,5,1,0
4189,8,12.0,12,1,0
4190,6,11.833333333333334,10,1,0
4191,4,11.5,6,1,0
4192,5,11.6,6,1,0
4193,4,13.5,6,1,1
4194,0,0.0,5,0,0
4195,4,12.25,6,1,1
4196,7,13.514285714285714,8,1,1
4197,6,13.714285714285714,6,1,0
4198,4,10.25,6,1,0
4199,7,12.744285714285716,8,1,1
4200,5,11.8,5,1,0
4201,6,11.666666666666666,6,1,0
4202,0,0.0,0,1,0
4203,6,12.375,6,1,1
4204,4,11.5,6,1,0
4205,6,13.533333333333331,7,1,0
4206,4,14.0,6,1,1
4207,8,14.755555555555556,8,1,1
4208,0,0.0,0,0,0
4209,5,13.0,5,1,0
4210,4,13.25,6,1,1
4211,6,15.166666666666666,6,1,1
4212,6,14.666666666666666,6,1,0
4213,5,11.4,6,0,1
4214,8,15.6375,8,1,1
4215,0,0.0,0,0,0
4216,0,0.0,5,0,0
4217,6,13.5,6,1,1
4218,6,13.333333333333334,6,1,0
4219,6,11.833333333333334,6,1,0
4220,0,0.0,5,1,0
4221,6,16.0,6,1,0
4222,6,13.0,6,1,0
4223,6,11.833333333333334,6,1,0
4224,8,13.927272727272726,8,1,1
4225,6,13.5,6,1,0
4226,6,11.5,6,1,1
4227,6,13.285714285714286,6,1,1
4228,5,13.0,6,1,0
4229,0,0.0,5,0,1
4230,8,14.7375,8,1,0
4231,4,12.0,5,1,0
4232,4,12.25,6,0,0
4233,7,14.992857142857142,8,1,0
4234,4,11.25,5,1,0
4235,3,11.0,6,1,0
4236,6,14.0,6,1,1
4237,6,13.016666666666666,7,1,0
4238,2,11.5,5,0,0
4239,6,14.666666666666666,6,1,0
4240,5,13.833333333333334,6,1,0
4241,7,13.327142857142857,8,0,0
4242,2,11.5,6,0,0
4243,6,10.375,6,1,0
4244,10,12.727272727272728,11,1,0
4245,0,0.0,6,0,0
4246,8,11.25,13,0,0
4247,6,11.0,6,1,0
4248,3,11.666666666666666,7,0,0
4249,10,14.2,10,1,0
4251,0,0.0,5,1,0
4252,5,11.6,5,1,0
4253,0,0.0,7,0,0
4254,4,11.25,5,1,0
4255,9,12.555555555555555,11,1,0
4256,7,12.412857142857144,8,1,0
4257,4,12.75,5,1,0
4258,7,12.545714285714286,8,1,0
4259,2,14.0,6,1,0
4260,0,0.0,6,0,0
4261,9,13.0,12,0,0
4262,5,13.0,5,1,0
4263,1,11.0,5,1,0
4264,6,12.666666666666666,6,1,1
4265,6,12.428571428571429,6,1,0
4266,0,0.0,0,1,0
4267,5,12.2,6,1,1
4268,4,12.25,5,1,0
4269,1,10.0,6,1,0
4270,6,12.0,6,1,1
4271,5,15.2,5,1,0
4272,7,12.514285714285714,8,1,1
4273,3,12.666666666666666,5,1,0
4274,5,12.6,6,1,0
4275,3,12.333333333333334,5,1,0
4276,0,0.0,5,0,0
4277,3,13.666666666666666,5,1,0
4278,6,15.333333333333334,6,1,1
4279,0,0.0,6,1,1
4280,0,0.0,5,1,0
4281,0,0.0,6,1,0
4282,3,10.571428571428571,5,1,0
4283,0,0.0,5,0,0
4284,7,11.857142857142858,7,1,1
4285,3,11.0,5,1,0
4286,4,13.666666666666666,5,1,0
4287,5,11.4,5,1,0
4288,2,13.0,6,0,0
4289,6,11.166666666666666,6,1,0
4290,11,12.181818181818182,13,1,1
4291,0,0.0,0,1,0
4292,8,13.9125,8,1,0
4293,1,11.0,6,1,0
4294,12,13.75,13,1,0
4295,6,11.0,10,1,0
4296,7,12.142857142857142,9,1,1
4297,6,13.0,6,1,1
4298,0,0.0,5,1,0
4299,1,10.0,5,1,0
4300,5,12.0,6,1,0
4301,0,0.0,0,0,0
4302,12,11.833333333333334,14,1,0
4303,6,12.0,6,1,0
4304,0,0.0,5,1,0
4305,5,10.5,5,1,0
4306,0,0.0,5,0,0
4307,0,0.0,0,1,0
4308,0,0.0,0,1,0
4309,5,13.2,6,1,0
4310,6,13.625,6,1,1
4311,1,10.0,5,1,0
4312,2,15.0,5,0,0
4313,19,12.210526315789474,19,1,0
4314,0,0.0,5,1,0
4315,2,12.5,6,1,0
4317,6,14.0,6,1,1
4318,11,15.0,11,0,0
4319,6,13.166666666666666,6,1,1
4320,4,11.25,5,1,0
4321,4,12.0,5,1,0
4322,4,11.75,6,0,0
4323,0,0.0,5,1,0
4324,7,14.4,8,1,1
4325,10,12.8,11,1,0
4326,5,13.2,6,0,0
4327,0,0.0,5,1,0
4328,5,13.5,6,1,0
4329,6,11.666666666666666,6,1,1
4330,0,0.0,6,1,0
4331,0,0.0,0,1,0
4332,6,11.333333333333334,6,1,0
4333,5,11.0,6,1,1
4334,6,12.666666666666666,6,1,0
4335,2,12.5,5,1,0
4336,1,17.0,6,1,0
4337,4,13.25,5,1,0
4338,4,12.5,5,1,1
4340,4,11.5,5,1,0
4341,7,14.24,8,1,0
4342,3,11.333333333333334,5,1,0
4343,6,12.571428571428571,7,1,0
4344,5,13.2,6,0,0
4345,6,13.333333333333334,6,1,0
4346,0,0.0,6,1,0
4347,2,10.0,5,1,0
4348,8,13.6625,8,1,0
4349,7,12.471428571428572,8,1,0
4350,5,11.857142857142858,6,1,1
4351,6,12.833333333333334,6,1,0
4352,6,12.333333333333334,6,1,0
4353,0,0.0,0,1,0
4354,4,12.8,5,1,0
4355,5,14.285714285714286,5,1,0
4356,0,0.0,6,1,0
4357,3,12.333333333333334,6,0,0
4358,1,11.0,6,1,0
4359,5,13.4,6,1,0
4360,6,11.966666666666669,7,1,0
4361,8,13.3475,8,1,0
4362,4,12.5,5,1,0
4363,0,0.0,6,1,0
4364,4,10.75,6,1,0
4365,0,0.0,0,1,0
4366,4,14.0,6,1,0
4367,6,12.0,6,1,0
4368,0,0.0,5,0,0
4369,6,11.833333333333334,7,1,0
4370,0,0.0,0,1,0
4371,8,14.925,8,1,0
4372,0,0.0,6,1,0
4373,6,10.833333333333334,6,1,0
4374,7,13.742857142857144,8,1,0
4375,0,0.0,5,1,0
4376,7,12.11875,8,1,0
4377,12,11.333333333333334,14,1,0
4378,8,13.25,8,1,1
4379,5,13.666666666666666,5,1,0
4380,4,11.325,8,1,0
4381,0,0.0,5,1,0
4382,7,15.0,8,1,0
4383,6,15.625,6,1,0
4384,4,10.5,6,0,0
4385,0,0.0,6,1,0
4386,2,12.5,5,1,1
4387,5,10.166666666666666,5,0,0
4388,12,12.5,12,0,0
4389,6,14.142857142857142,6,1,1
4390,5,13.0,5,1,0
4391,7,12.06375,8,1,0
4392,5,11.0,5,1,0
4393,3,10.666666666666666,5,1,0
4394,8,14.88875,8,1,0
4395,5,12.4,6,1,1
4396,6,13.333333333333334,6,1,1
4397,3,11.666666666666666,6,1,0
4398,4,12.25,5,1,1
4399,6,14.333333333333334,6,1,1
4400,3,13.333333333333334,5,1,0
4401,0,0.0,5,1,0
4402,6,13.0,6,1,0
4403,7,11.2625,8,1,1
4404,2,10.5,6,0,0
4405,7,14.314285714285717,8,1,1
4406,2,11.333333333333334,6,1,0
4407,6,13.285714285714286,6,1,0
4408,6,11.666666666666666,6,1,0
4409,5,14.333333333333334,5,1,0
4410,5,12.5,6,1,1
4411,3,13.333333333333334,6,1,0
4412,5,12.2,6,1,1
4413,2,13.0,8,1,0
4414,5,11.6,5,1,0
4415,3,11.083333333333334,7,0,0
4416,12,12.625,14,1,0
4417,6,13.5,6,1,1
4418,7,13.142857142857142,9,1,0
4419,5,12.666666666666666,6,1,0
4420,2,11.0,6,0,0
4421,1,13.5,8,1,1
4422,5,12.0,5,1,1
4423,6,13.0,6,1,0
